in:FloorCount,in:Area,in:Aspect_Ratio,in:Offset,in:Orientation,in:Height,in:Window_Wall_Ratio,in:Window_Height,in:Sill_Height,in:Infiltration,in:R_value_Wall,in:R_value_Roof,in:Glazing_Type,in:Shading_depth,in:Outside_Air_Core,in:Outside_Air_Perimeter,in:Internal_Load_Core,in:Internal_Load_Perimeter,in:Comfort_Range,in:HVAC_Systems,out:unmet_cooling_hours,out:eui,out:lighting_power_density,out:daylight_factor,out:heating,out:unmet_heating_hours,out:cooling
1,1250,1,4,0,4,30,2,0.7,0.0001,2.6,3.5,0,0,0.06,0.06,1,1,0.06,0,43.83,613.31,10.7639,0.25,429.96,275.67,118.92
1,1250,1,4,0,4,30,2,0.7,0.0001,2.6,3.5,0,0,0.06,0.06,1,1,0.06,0,0.0,306.88,10.7639,0.25,120.86,194.67,52.6
1,1250,1,4,0,4,30,2,0.7,0.0001,2.6,3.5,0,0,0.06,0.06,1,1,0.06,0,155.67,382.05,10.7639,0.25,182.53,355.67,94.64
1,1250,1,4,0,4,30,2,0.7,0.0001,2.6,3.5,0,0,0.06,0.06,1,1,0.06,0,43.83,725.16,10.7639,0.25,562.61,275.67,124.41
1,1250,1,4,0,4,30,2,0.7,0.0001,2.6,3.5,0,0,0.06,0.06,1,1,0.06,0,0.0,358.33,10.7639,0.25,163.95,193.67,55.43
1,1250,1,4,0,4,30,2,0.7,0.0001,2.6,3.5,0,0,0.06,0.06,1,1,0.06,0,120.67,615.24,10.7639,0.25,450.74,379.5,98.45
1,1250,1,4,0,4,30,2,0.7,0.0001,7.0,7.0,1,1,0.06,0.06,1,1,0.06,0,101.0,544.1,10.7639,0.25,359.19,449.0,111.0
1,1250,1,4,0,4,30,2,0.7,0.0001,7.0,7.0,1,1,0.06,0.06,1,1,0.06,0,0.0,269.58,10.7639,0.25,82.22,179.67,49.16
1,1250,1,4,0,4,30,2,0.7,0.0001,7.0,7.0,1,1,0.06,0.06,1,1,0.06,0,165.5,360.46,10.7639,0.25,164.99,355.83,90.46
1,1250,1,4,0,4,30,2,0.7,0.0001,7.0,7.0,1,1,0.06,0.06,1,1,0.06,0,101.17,664.51,10.7639,0.25,502.58,449.83,116.46
1,1250,1,4,0,4,30,2,0.7,0.0001,7.0,7.0,1,1,0.06,0.06,1,1,0.06,0,4.17,320.16,10.7639,0.25,124.8,188.67,52.04
1,1250,1,4,0,4,30,2,0.7,0.0001,7.0,7.0,1,1,0.06,0.06,1,1,0.06,0,95.67,593.12,10.7639,0.25,434.05,387.33,92.78
1,1250,1,4,0,4,30,2,0.7,0.0004,2.6,3.5,0,0,0.06,0.06,1,1,0.06,0,43.83,613.31,10.7639,0.25,429.96,275.67,118.92
1,1250,1,4,0,4,30,2,0.7,0.0004,2.6,3.5,0,0,0.06,0.06,1,1,0.06,0,0.0,306.88,10.7639,0.25,120.87,194.67,52.6
1,1250,1,4,0,4,30,2,0.7,0.0004,2.6,3.5,0,0,0.06,0.06,1,1,0.06,0,155.67,382.05,10.7639,0.25,182.53,355.67,94.64
1,1250,1,4,0,4,30,2,0.7,0.0004,2.6,3.5,0,0,0.06,0.06,1,1,0.06,0,43.83,725.16,10.7639,0.25,562.61,275.67,124.41
1,1250,1,4,0,4,30,2,0.7,0.0004,2.6,3.5,0,0,0.06,0.06,1,1,0.06,0,0.0,358.33,10.7639,0.25,163.95,193.67,55.43
1,1250,1,4,0,4,30,2,0.7,0.0004,2.6,3.5,0,0,0.06,0.06,1,1,0.06,0,120.67,615.24,10.7639,0.25,450.74,379.5,98.45
1,1250,1,4,0,4,30,2,0.7,0.0004,7.0,7.0,1,1,0.06,0.06,1,1,0.06,0,101.0,544.1,10.7639,0.25,359.19,449.0,111.0
1,1250,1,4,0,4,30,2,0.7,0.0004,7.0,7.0,1,1,0.06,0.06,1,1,0.06,0,0.0,269.58,10.7639,0.25,82.22,179.67,49.16
1,1250,1,4,0,4,30,2,0.7,0.0004,7.0,7.0,1,1,0.06,0.06,1,1,0.06,0,165.5,360.46,10.7639,0.25,164.99,355.83,90.46
1,1250,1,4,0,4,30,2,0.7,0.0004,7.0,7.0,1,1,0.06,0.06,1,1,0.06,0,101.17,664.51,10.7639,0.25,502.58,449.83,116.46
1,1250,1,4,0,4,30,2,0.7,0.0004,7.0,7.0,1,1,0.06,0.06,1,1,0.06,0,4.17,320.16,10.7639,0.25,124.8,188.67,52.04
1,1250,1,4,0,4,30,2,0.7,0.0004,7.0,7.0,1,1,0.06,0.06,1,1,0.06,0,95.67,593.12,10.7639,0.25,434.05,387.33,92.78
1,1250,1,4,0,4,50,2,0.7,0.0001,2.6,3.5,0,0,0.06,0.06,1,1,0.06,0,104.5,702.45,10.7639,0.25,495.36,279.83,143.66
1,1250,1,4,0,4,50,2,0.7,0.0001,2.6,3.5,0,0,0.06,0.06,1,1,0.06,0,0.0,341.37,10.7639,0.25,128.46,186.5,67.8
1,1250,1,4,0,4,50,2,0.7,0.0001,2.6,3.5,0,0,0.06,0.06,1,1,0.06,0,218.33,418.82,10.7639,0.25,185.53,371.5,121.57
1,1250,1,4,0,4,50,2,0.7,0.0001,2.6,3.5,0,0,0.06,0.06,1,1,0.06,0,101.5,790.69,10.7639,0.25,597.36,267.83,149.92
1,1250,1,4,0,4,50,2,0.7,0.0001,2.6,3.5,0,0,0.06,0.06,1,1,0.06,0,0.0,391.17,10.7639,0.25,170.53,186.0,69.76
1,1250,1,4,0,4,50,2,0.7,0.0001,2.6,3.5,0,0,0.06,0.06,1,1,0.06,0,151.17,651.06,10.7639,0.25,453.4,398.33,124.54
1,1250,1,4,0,4,50,2,0.7,0.0001,7.0,7.0,1,1,0.06,0.06,1,1,0.06,0,160.83,644.4,10.7639,0.25,436.07,429.83,137.02
1,1250,1,4,0,4,50,2,0.7,0.0001,7.0,7.0,1,1,0.06,0.06,1,1,0.06,0,0.0,307.28,10.7639,0.25,92.27,178.0,65.1
1,1250,1,4,0,4,50,2,0.7,0.0001,7.0,7.0,1,1,0.06,0.06,1,1,0.06,0,249.0,399.28,10.7639,0.25,168.6,358.83,118.75
1,1250,1,4,0,4,50,2,0.7,0.0001,7.0,7.0,1,1,0.06,0.06,1,1,0.06,0,160.83,732.53,10.7639,0.25,538.86,429.83,142.74
1,1250,1,4,0,4,50,2,0.7,0.0001,7.0,7.0,1,1,0.06,0.06,1,1,0.06,0,0.0,355.85,10.7639,0.25,133.53,179.5,66.97
1,1250,1,4,0,4,50,2,0.7,0.0001,7.0,7.0,1,1,0.06,0.06,1,1,0.06,0,167.83,631.01,10.7639,0.25,437.14,396.83,120.42
1,1250,1,4,0,4,50,2,0.7,0.0004,2.6,3.5,0,0,0.06,0.06,1,1,0.06,0,101.33,708.47,10.7639,0.25,502.4,267.83,143.79
1,1250,1,4,0,4,50,2,0.7,0.0004,2.6,3.5,0,0,0.06,0.06,1,1,0.06,0,0.0,341.37,10.7639,0.25,128.46,186.5,67.8
1,1250,1,4,0,4,50,2,0.7,0.0004,2.6,3.5,0,0,0.06,0.06,1,1,0.06,0,218.33,418.82,10.7639,0.25,185.53,371.5,121.57
1,1250,1,4,0,4,50,2,0.7,0.0004,2.6,3.5,0,0,0.06,0.06,1,1,0.06,0,101.5,790.69,10.7639,0.25,597.36,267.83,149.92
1,1250,1,4,0,4,50,2,0.7,0.0004,2.6,3.5,0,0,0.06,0.06,1,1,0.06,0,0.0,391.17,10.7639,0.25,170.53,186.0,69.76
1,1250,1,4,0,4,50,2,0.7,0.0004,2.6,3.5,0,0,0.06,0.06,1,1,0.06,0,151.17,651.06,10.7639,0.25,453.4,398.33,124.54
1,1250,1,4,0,4,50,2,0.7,0.0004,7.0,7.0,1,1,0.06,0.06,1,1,0.06,0,160.83,644.4,10.7639,0.25,436.07,429.83,137.02
1,1250,1,4,0,4,50,2,0.7,0.0004,7.0,7.0,1,1,0.06,0.06,1,1,0.06,0,0.0,307.28,10.7639,0.25,92.27,178.0,65.1
1,1250,1,4,0,4,50,2,0.7,0.0004,7.0,7.0,1,1,0.06,0.06,1,1,0.06,0,249.0,399.28,10.7639,0.25,168.6,358.83,118.75
1,1250,1,4,0,4,50,2,0.7,0.0004,7.0,7.0,1,1,0.06,0.06,1,1,0.06,0,160.83,732.53,10.7639,0.25,538.86,429.83,142.74
1,1250,1,4,0,4,50,2,0.7,0.0004,7.0,7.0,1,1,0.06,0.06,1,1,0.06,0,0.0,355.85,10.7639,0.25,133.53,179.5,66.97
1,1250,1,4,0,4,50,2,0.7,0.0004,7.0,7.0,1,1,0.06,0.06,1,1,0.06,0,167.83,631.01,10.7639,0.25,437.14,396.83,120.42
1,1250,1,4,0,4,50,2,0.7,0.0001,2.6,3.5,0,0,0.06,0.06,1,1,0.06,0,0.0,375.59,10.7639,0.25,137.03,181.0,82.62
1,1250,1,4,0,4,50,2,0.7,0.0001,2.6,3.5,0,0,0.06,0.06,1,1,0.06,0,150.0,861.87,10.7639,0.25,640.49,260.67,174.81
1,1250,1,4,0,4,50,2,0.7,0.0001,7.0,7.0,1,1,0.06,0.06,1,1,0.06,0,203.17,742.66,10.7639,0.25,512.98,412.17,161.41
1,1250,1,4,0,4,50,2,0.7,0.0001,7.0,7.0,1,1,0.06,0.06,1,1,0.06,0,203.17,806.76,10.7639,0.25,584.29,412.17,168.44
1,1250,1,4,0,4,50,2,0.7,0.0004,2.6,3.5,0,0,0.06,0.06,1,1,0.06,0,150.0,801.51,10.7639,0.25,574.52,260.67,167.21
1,1250,1,4,0,4,50,2,0.7,0.0004,2.6,3.5,0,0,0.06,0.06,1,1,0.06,0,0.0,375.59,10.7639,0.25,137.03,181.0,82.62
1,1250,1,4,0,4,50,2,0.7,0.0004,2.6,3.5,0,0,0.06,0.06,1,1,0.06,0,150.0,861.87,10.7639,0.25,640.5,260.67,174.81
1,1250,1,4,0,4,50,2,0.7,0.0004,7.0,7.0,1,1,0.06,0.06,1,1,0.06,0,203.17,742.66,10.7639,0.25,512.98,412.17,161.41
1,1250,1,4,0,4,50,2,0.7,0.0004,7.0,7.0,1,1,0.06,0.06,1,1,0.06,0,203.17,806.76,10.7639,0.25,584.3,412.17,168.44
1,1250,1,4,0,4,30,2,0.7,0.0001,2.6,3.5,0,0,0.06,0.06,1,1,0.06,0,0.0,632.97,10.7639,0.25,446.56,265.67,123.79
1,1250,1,4,0,4,30,2,0.7,0.0001,2.6,3.5,0,0,0.06,0.06,1,1,0.06,0,0.0,313.5,10.7639,0.25,123.22,195.17,54.4
1,1250,1,4,0,4,30,2,0.7,0.0001,2.6,3.5,0,0,0.06,0.06,1,1,0.06,0,156.67,388.27,10.7639,0.25,182.88,219.83,98.18
1,1250,1,4,0,4,30,2,0.7,0.0001,2.6,3.5,0,0,0.06,0.06,1,1,0.06,0,0.0,739.78,10.7639,0.25,573.0,265.67,129.2
1,1250,1,4,0,4,30,2,0.7,0.0001,2.6,3.5,0,0,0.06,0.06,1,1,0.06,0,0.0,364.96,10.7639,0.25,166.34,193.83,57.13
1,1250,1,4,0,4,30,2,0.7,0.0001,2.6,3.5,0,0,0.06,0.06,1,1,0.06,0,146.33,620.82,10.7639,0.25,451.24,246.0,101.05
1,1250,1,4,0,4,30,2,0.7,0.0001,7.0,7.0,1,1,0.06,0.06,1,1,0.06,0,0.0,565.85,10.7639,0.25,377.3,447.0,116.45
1,1250,1,4,0,4,30,2,0.7,0.0001,7.0,7.0,1,1,0.06,0.06,1,1,0.06,0,0.0,276.31,10.7639,0.25,84.26,180.83,50.95
1,1250,1,4,0,4,30,2,0.7,0.0001,7.0,7.0,1,1,0.06,0.06,1,1,0.06,0,95.33,366.62,10.7639,0.25,164.67,174.83,94.17
1,1250,1,4,0,4,30,2,0.7,0.0001,7.0,7.0,1,1,0.06,0.06,1,1,0.06,0,0.0,679.54,10.7639,0.25,512.43,447.33,121.78
1,1250,1,4,0,4,30,2,0.7,0.0001,7.0,7.0,1,1,0.06,0.06,1,1,0.06,0,0.0,326.97,10.7639,0.25,126.94,189.5,53.74
1,1250,1,4,0,4,30,2,0.7,0.0001,7.0,7.0,1,1,0.06,0.06,1,1,0.06,0,80.83,598.42,10.7639,0.25,433.82,215.5,95.32
1,1250,1,4,0,4,30,2,0.7,0.0004,2.6,3.5,0,0,0.06,0.06,1,1,0.06,0,0.0,632.97,10.7639,0.25,446.56,265.67,123.79
1,1250,1,4,0,4,30,2,0.7,0.0004,2.6,3.5,0,0,0.06,0.06,1,1,0.06,0,0.0,313.5,10.7639,0.25,123.22,195.17,54.4
1,1250,1,4,0,4,30,2,0.7,0.0004,2.6,3.5,0,0,0.06,0.06,1,1,0.06,0,156.67,388.27,10.7639,0.25,182.88,219.83,98.18
1,1250,1,4,0,4,30,2,0.7,0.0004,2.6,3.5,0,0,0.06,0.06,1,1,0.06,0,0.0,739.78,10.7639,0.25,573.0,265.67,129.2
1,1250,1,4,0,4,30,2,0.7,0.0004,2.6,3.5,0,0,0.06,0.06,1,1,0.06,0,0.0,364.96,10.7639,0.25,166.34,193.83,57.13
1,1250,1,4,0,4,30,2,0.7,0.0004,2.6,3.5,0,0,0.06,0.06,1,1,0.06,0,146.33,620.82,10.7639,0.25,451.24,246.0,101.05
1,1250,1,4,0,4,30,2,0.7,0.0004,7.0,7.0,1,1,0.06,0.06,1,1,0.06,0,0.0,565.85,10.7639,0.25,377.3,447.0,116.45
1,1250,1,4,0,4,30,2,0.7,0.0004,7.0,7.0,1,1,0.06,0.06,1,1,0.06,0,0.0,276.31,10.7639,0.25,84.26,180.83,50.95
1,1250,1,4,0,4,30,2,0.7,0.0004,7.0,7.0,1,1,0.06,0.06,1,1,0.06,0,95.33,366.62,10.7639,0.25,164.67,174.83,94.17
1,1250,1,4,0,4,30,2,0.7,0.0004,7.0,7.0,1,1,0.06,0.06,1,1,0.06,0,0.0,679.54,10.7639,0.25,512.43,447.33,121.78
1,1250,1,4,0,4,30,2,0.7,0.0004,7.0,7.0,1,1,0.06,0.06,1,1,0.06,0,0.0,326.97,10.7639,0.25,126.94,189.33,53.74
1,1250,1,4,0,4,30,2,0.7,0.0004,7.0,7.0,1,1,0.06,0.06,1,1,0.06,0,80.83,598.42,10.7639,0.25,433.82,215.5,95.32
1,1250,1,4,0,4,50,2,0.7,0.0001,2.6,3.5,0,0,0.06,0.06,1,1,0.06,0,0.0,736.42,10.7639,0.25,526.03,258.83,150.53
1,1250,1,4,0,4,50,2,0.7,0.0001,2.6,3.5,0,0,0.06,0.06,1,1,0.06,0,0.0,350.39,10.7639,0.25,131.31,185.83,70.37
1,1250,1,4,0,4,50,2,0.7,0.0001,2.6,3.5,0,0,0.06,0.06,1,1,0.06,0,164.17,427.3,10.7639,0.25,185.62,251.0,126.7
1,1250,1,4,0,4,50,2,0.7,0.0001,2.6,3.5,0,0,0.06,0.06,1,1,0.06,0,0.0,812.57,10.7639,0.25,613.22,259.0,156.84
1,1250,1,4,0,4,50,2,0.7,0.0001,2.6,3.5,0,0,0.06,0.06,1,1,0.06,0,0.0,400.23,10.7639,0.25,173.56,186.67,72.25
1,1250,1,4,0,4,50,2,0.7,0.0001,2.6,3.5,0,0,0.06,0.06,1,1,0.06,0,143.67,658.9,10.7639,0.25,453.72,272.5,128.64
1,1250,1,4,0,4,50,2,0.7,0.0001,7.0,7.0,1,1,0.06,0.06,1,1,0.06,0,0.0,675.15,10.7639,0.25,461.85,427.0,144.43
1,1250,1,4,0,4,50,2,0.7,0.0001,7.0,7.0,1,1,0.06,0.06,1,1,0.06,0,0.0,316.32,10.7639,0.25,94.73,177.83,67.64
1,1250,1,4,0,4,50,2,0.7,0.0001,7.0,7.0,1,1,0.06,0.06,1,1,0.06,0,113.83,407.83,10.7639,0.25,167.97,196.83,124.19
1,1250,1,4,0,4,50,2,0.7,0.0001,7.0,7.0,1,1,0.06,0.06,1,1,0.06,0,0.0,755.65,10.7639,0.25,554.93,427.0,150.32
1,1250,1,4,0,4,50,2,0.7,0.0001,7.0,7.0,1,1,0.06,0.06,1,1,0.06,0,0.0,365.15,10.7639,0.25,136.31,181.67,69.48
1,1250,1,4,0,4,50,2,0.7,0.0001,7.0,7.0,1,1,0.06,0.06,1,1,0.06,0,96.33,638.66,10.7639,0.25,436.66,238.5,124.58
1,1250,1,4,0,4,50,2,0.7,0.0004,2.6,3.5,0,0,0.06,0.06,1,1,0.06,0,0.0,736.42,10.7639,0.25,526.04,259.0,150.53
1,1250,1,4,0,4,50,2,0.7,0.0004,2.6,3.5,0,0,0.06,0.06,1,1,0.06,0,0.0,350.39,10.7639,0.25,131.31,185.83,70.37
1,1250,1,4,0,4,50,2,0.7,0.0004,2.6,3.5,0,0,0.06,0.06,1,1,0.06,0,164.17,427.3,10.7639,0.25,185.62,251.0,126.7
1,1250,1,4,0,4,50,2,0.7,0.0004,2.6,3.5,0,0,0.06,0.06,1,1,0.06,0,0.0,812.57,10.7639,0.25,613.22,259.0,156.84
1,1250,1,4,0,4,50,2,0.7,0.0004,2.6,3.5,0,0,0.06,0.06,1,1,0.06,0,0.0,400.23,10.7639,0.25,173.56,186.67,72.25
1,1250,1,4,0,4,50,2,0.7,0.0004,2.6,3.5,0,0,0.06,0.06,1,1,0.06,0,143.67,658.9,10.7639,0.25,453.72,272.5,128.64
1,1250,1,4,0,4,50,2,0.7,0.0004,7.0,7.0,1,1,0.06,0.06,1,1,0.06,0,0.0,675.15,10.7639,0.25,461.85,427.0,144.43
1,1250,1,4,0,4,50,2,0.7,0.0004,7.0,7.0,1,1,0.06,0.06,1,1,0.06,0,0.0,316.32,10.7639,0.25,94.73,177.83,67.64
1,1250,1,4,0,4,50,2,0.7,0.0004,7.0,7.0,1,1,0.06,0.06,1,1,0.06,0,113.83,407.83,10.7639,0.25,167.97,196.83,124.19
1,1250,1,4,0,4,50,2,0.7,0.0004,7.0,7.0,1,1,0.06,0.06,1,1,0.06,0,0.0,755.64,10.7639,0.25,554.93,427.0,150.32
1,1250,1,4,0,4,50,2,0.7,0.0004,7.0,7.0,1,1,0.06,0.06,1,1,0.06,0,0.0,365.16,10.7639,0.25,136.31,181.67,69.48
1,1250,1,4,0,4,50,2,0.7,0.0004,7.0,7.0,1,1,0.06,0.06,1,1,0.06,0,96.33,638.66,10.7639,0.25,436.66,238.5,124.58
1,1250,1,4,0,4,50,2,0.7,0.0001,2.6,3.5,0,0,0.06,0.06,1,1,0.06,0,0.0,837.14,10.7639,0.25,604.76,251.17,175.62
1,1250,1,4,0,4,50,2,0.7,0.0001,2.6,3.5,0,0,0.06,0.06,1,1,0.06,0,0.0,891.39,10.7639,0.25,662.6,251.17,183.68
1,1250,1,4,0,4,50,2,0.7,0.0001,7.0,7.0,1,1,0.06,0.06,1,1,0.06,0,0.0,781.17,10.7639,0.25,545.34,408.0,170.54
1,1250,1,4,0,4,50,2,0.7,0.0001,7.0,7.0,1,1,0.06,0.06,1,1,0.06,0,0.0,837.86,10.7639,0.25,606.84,408.0,178.07
1,1250,1,4,0,4,50,2,0.7,0.0004,2.6,3.5,0,0,0.06,0.06,1,1,0.06,0,0.0,837.14,10.7639,0.25,604.76,251.17,175.62
1,1250,1,4,0,4,50,2,0.7,0.0004,2.6,3.5,0,0,0.06,0.06,1,1,0.06,0,0.0,891.39,10.7639,0.25,662.6,251.17,183.68
1,1250,1,4,0,4,50,2,0.7,0.0004,7.0,7.0,1,1,0.06,0.06,1,1,0.06,0,0.0,781.17,10.7639,0.25,545.34,408.0,170.54
1,1250,1,4,0,4,50,2,0.7,0.0004,7.0,7.0,1,1,0.06,0.06,1,1,0.06,0,0.0,837.86,10.7639,0.25,606.84,408.0,178.07
1,1250,1,4,0,4,30,2,0.7,0.0001,2.6,3.5,0,0,0.06,0.06,1,1,0.06,0,43.83,613.31,10.7639,0.25,429.96,275.67,118.92
1,1250,1,4,0,4,30,2,0.7,0.0001,2.6,3.5,0,0,0.06,0.06,1,1,0.06,0,0.0,306.88,10.7639,0.25,120.86,194.67,52.6
1,1250,1,4,0,4,30,2,0.7,0.0001,2.6,3.5,0,0,0.06,0.06,1,1,0.06,0,147.5,382.06,10.7639,0.25,182.52,363.5,94.65
1,1250,1,4,0,4,30,2,0.7,0.0001,2.6,3.5,0,0,0.06,0.06,1,1,0.06,0,43.83,725.16,10.7639,0.25,562.61,275.67,124.41
1,1250,1,4,0,4,30,2,0.7,0.0001,2.6,3.5,0,0,0.06,0.06,1,1,0.06,0,0.0,358.33,10.7639,0.25,163.95,193.67,55.43
1,1250,1,4,0,4,30,2,0.7,0.0001,2.6,3.5,0,0,0.06,0.06,1,1,0.06,0,102.67,615.23,10.7639,0.25,450.7,395.5,98.48
1,1250,1,4,0,4,30,2,0.7,0.0001,7.0,7.0,1,1,0.06,0.06,1,1,0.06,0,101.0,544.1,10.7639,0.25,359.19,449.0,111.0
1,1250,1,4,0,4,30,2,0.7,0.0001,7.0,7.0,1,1,0.06,0.06,1,1,0.06,0,0.0,269.58,10.7639,0.25,82.22,179.67,49.16
1,1250,1,4,0,4,30,2,0.7,0.0001,7.0,7.0,1,1,0.06,0.06,1,1,0.06,0,159.67,360.46,10.7639,0.25,164.98,358.0,90.48
1,1250,1,4,0,4,30,2,0.7,0.0001,7.0,7.0,1,1,0.06,0.06,1,1,0.06,0,101.17,664.51,10.7639,0.25,502.58,449.83,116.46
1,1250,1,4,0,4,30,2,0.7,0.0001,7.0,7.0,1,1,0.06,0.06,1,1,0.06,0,4.17,320.16,10.7639,0.25,124.8,188.67,52.04
1,1250,1,4,0,4,30,2,0.7,0.0001,7.0,7.0,1,1,0.06,0.06,1,1,0.06,0,87.83,593.11,10.7639,0.25,434.02,403.0,92.8
1,1250,1,4,0,4,30,2,0.7,0.0004,2.6,3.5,0,0,0.06,0.06,1,1,0.06,0,43.83,613.31,10.7639,0.25,429.96,275.67,118.92
1,1250,1,4,0,4,30,2,0.7,0.0004,2.6,3.5,0,0,0.06,0.06,1,1,0.06,0,0.0,306.88,10.7639,0.25,120.87,194.67,52.6
1,1250,1,4,0,4,30,2,0.7,0.0004,2.6,3.5,0,0,0.06,0.06,1,1,0.06,0,147.5,382.06,10.7639,0.25,182.52,363.5,94.65
1,1250,1,4,0,4,30,2,0.7,0.0004,2.6,3.5,0,0,0.06,0.06,1,1,0.06,0,43.83,725.16,10.7639,0.25,562.61,275.67,124.41
1,1250,1,4,0,4,30,2,0.7,0.0004,2.6,3.5,0,0,0.06,0.06,1,1,0.06,0,0.0,358.33,10.7639,0.25,163.95,193.67,55.43
1,1250,1,4,0,4,30,2,0.7,0.0004,2.6,3.5,0,0,0.06,0.06,1,1,0.06,0,102.67,615.23,10.7639,0.25,450.7,395.5,98.48
1,1250,1,4,0,4,30,2,0.7,0.0004,7.0,7.0,1,1,0.06,0.06,1,1,0.06,0,101.0,544.1,10.7639,0.25,359.19,449.0,111.0
1,1250,1,4,0,4,30,2,0.7,0.0004,7.0,7.0,1,1,0.06,0.06,1,1,0.06,0,0.0,269.58,10.7639,0.25,82.22,179.67,49.16
1,1250,1,4,0,4,30,2,0.7,0.0004,7.0,7.0,1,1,0.06,0.06,1,1,0.06,0,159.67,360.46,10.7639,0.25,164.98,358.0,90.48
1,1250,1,4,0,4,30,2,0.7,0.0004,7.0,7.0,1,1,0.06,0.06,1,1,0.06,0,101.17,664.51,10.7639,0.25,502.58,449.83,116.46
1,1250,1,4,0,4,30,2,0.7,0.0004,7.0,7.0,1,1,0.06,0.06,1,1,0.06,0,4.17,320.16,10.7639,0.25,124.8,188.67,52.04
1,1250,1,4,0,4,30,2,0.7,0.0004,7.0,7.0,1,1,0.06,0.06,1,1,0.06,0,87.83,593.11,10.7639,0.25,434.02,403.0,92.8
1,1250,1,4,0,4,50,2,0.7,0.0001,2.6,3.5,0,0,0.06,0.06,1,1,0.06,0,101.33,708.47,10.7639,0.25,502.4,267.83,143.79
1,1250,1,4,0,4,50,2,0.7,0.0001,2.6,3.5,0,0,0.06,0.06,1,1,0.06,0,0.0,341.37,10.7639,0.25,128.46,186.5,67.8
1,1250,1,4,0,4,50,2,0.7,0.0001,2.6,3.5,0,0,0.06,0.06,1,1,0.06,0,214.67,418.83,10.7639,0.25,185.54,373.67,121.57
1,1250,1,4,0,4,50,2,0.7,0.0001,2.6,3.5,0,0,0.06,0.06,1,1,0.06,0,101.5,790.69,10.7639,0.25,597.36,267.83,149.92
1,1250,1,4,0,4,50,2,0.7,0.0001,2.6,3.5,0,0,0.06,0.06,1,1,0.06,0,0.0,391.17,10.7639,0.25,170.53,186.0,69.76
1,1250,1,4,0,4,50,2,0.7,0.0001,2.6,3.5,0,0,0.06,0.06,1,1,0.06,0,136.0,651.06,10.7639,0.25,453.32,416.33,124.62
1,1250,1,4,0,4,50,2,0.7,0.0001,7.0,7.0,1,1,0.06,0.06,1,1,0.06,0,160.83,644.4,10.7639,0.25,436.07,429.83,137.02
1,1250,1,4,0,4,50,2,0.7,0.0001,7.0,7.0,1,1,0.06,0.06,1,1,0.06,0,0.0,307.28,10.7639,0.25,92.27,178.0,65.1
1,1250,1,4,0,4,50,2,0.7,0.0001,7.0,7.0,1,1,0.06,0.06,1,1,0.06,0,240.17,399.29,10.7639,0.25,168.59,363.17,118.76
1,1250,1,4,0,4,50,2,0.7,0.0001,7.0,7.0,1,1,0.06,0.06,1,1,0.06,0,160.83,732.53,10.7639,0.25,538.86,429.83,142.74
1,1250,1,4,0,4,50,2,0.7,0.0001,7.0,7.0,1,1,0.06,0.06,1,1,0.06,0,0.0,355.85,10.7639,0.25,133.53,179.5,66.97
1,1250,1,4,0,4,50,2,0.7,0.0001,7.0,7.0,1,1,0.06,0.06,1,1,0.06,0,156.17,631.01,10.7639,0.25,437.07,411.17,120.48
1,1250,1,4,0,4,50,2,0.7,0.0004,2.6,3.5,0,0,0.06,0.06,1,1,0.06,0,101.33,708.47,10.7639,0.25,502.4,267.83,143.79
1,1250,1,4,0,4,50,2,0.7,0.0004,2.6,3.5,0,0,0.06,0.06,1,1,0.06,0,0.0,341.37,10.7639,0.25,128.46,186.5,67.8
1,1250,1,4,0,4,50,2,0.7,0.0004,2.6,3.5,0,0,0.06,0.06,1,1,0.06,0,214.67,418.83,10.7639,0.25,185.54,373.67,121.57
1,1250,1,4,0,4,50,2,0.7,0.0004,2.6,3.5,0,0,0.06,0.06,1,1,0.06,0,101.5,790.69,10.7639,0.25,597.36,267.83,149.92
1,1250,1,4,0,4,50,2,0.7,0.0004,2.6,3.5,0,0,0.06,0.06,1,1,0.06,0,0.0,391.17,10.7639,0.25,170.53,186.0,69.76
1,1250,1,4,0,4,50,2,0.7,0.0004,2.6,3.5,0,0,0.06,0.06,1,1,0.06,0,136.0,651.06,10.7639,0.25,453.32,416.33,124.62
1,1250,1,4,0,4,50,2,0.7,0.0004,7.0,7.0,1,1,0.06,0.06,1,1,0.06,0,160.83,644.4,10.7639,0.25,436.07,429.83,137.02
1,1250,1,4,0,4,50,2,0.7,0.0004,7.0,7.0,1,1,0.06,0.06,1,1,0.06,0,0.0,307.28,10.7639,0.25,92.27,178.0,65.1
1,1250,1,4,0,4,50,2,0.7,0.0004,7.0,7.0,1,1,0.06,0.06,1,1,0.06,0,240.17,399.29,10.7639,0.25,168.59,363.17,118.76
1,1250,1,4,0,4,50,2,0.7,0.0004,7.0,7.0,1,1,0.06,0.06,1,1,0.06,0,160.83,732.53,10.7639,0.25,538.86,429.83,142.74
1,1250,1,4,0,4,50,2,0.7,0.0004,7.0,7.0,1,1,0.06,0.06,1,1,0.06,0,0.0,355.85,10.7639,0.25,133.53,179.5,66.97
1,1250,1,4,0,4,50,2,0.7,0.0004,7.0,7.0,1,1,0.06,0.06,1,1,0.06,0,156.17,631.01,10.7639,0.25,437.07,411.17,120.48
1,1250,1,4,0,4,50,2,0.7,0.0001,2.6,3.5,0,0,0.06,0.06,1,1,0.06,0,150.0,801.51,10.7639,0.25,574.52,260.67,167.21
1,1250,1,4,0,4,50,2,0.7,0.0001,2.6,3.5,0,0,0.06,0.06,1,1,0.06,0,150.0,861.87,10.7639,0.25,640.49,260.67,174.81
1,1250,1,4,0,4,50,2,0.7,0.0001,7.0,7.0,1,1,0.06,0.06,1,1,0.06,0,203.17,742.66,10.7639,0.25,512.98,412.17,161.41
1,1250,1,4,0,4,50,2,0.7,0.0001,7.0,7.0,1,1,0.06,0.06,1,1,0.06,0,203.17,806.76,10.7639,0.25,584.29,412.17,168.44
1,1250,1,4,0,4,50,2,0.7,0.0004,2.6,3.5,0,0,0.06,0.06,1,1,0.06,0,150.0,801.51,10.7639,0.25,574.52,260.67,167.21
1,1250,1,4,0,4,50,2,0.7,0.0004,2.6,3.5,0,0,0.06,0.06,1,1,0.06,0,150.0,861.87,10.7639,0.25,640.5,260.67,174.81
1,1250,1,4,0,4,50,2,0.7,0.0004,7.0,7.0,1,1,0.06,0.06,1,1,0.06,0,203.17,742.66,10.7639,0.25,512.98,412.17,161.41
1,1250,1,4,0,4,50,2,0.7,0.0004,7.0,7.0,1,1,0.06,0.06,1,1,0.06,0,203.17,806.76,10.7639,0.25,584.3,412.17,168.44
1,1250,1.5,4,0,4,30,2,0.7,0.0001,2.6,3.5,0,0,0.06,0.06,1,1,0.06,0,42.83,596.91,10.7639,0.25,416.93,275.5,115.12
1,1250,1.5,4,0,4,30,2,0.7,0.0001,2.6,3.5,0,0,0.06,0.06,1,1,0.06,0,0.0,304.07,10.7639,0.25,121.67,195.33,51.63
1,1250,1.5,4,0,4,30,2,0.7,0.0001,2.6,3.5,0,0,0.06,0.06,1,1,0.06,0,157.83,378.39,10.7639,0.25,183.11,353.67,92.79
1,1250,1.5,4,0,4,30,2,0.7,0.0001,2.6,3.5,0,0,0.06,0.06,1,1,0.06,0,42.83,716.15,10.7639,0.25,558.64,275.67,120.77
1,1250,1.5,4,0,4,30,2,0.7,0.0001,2.6,3.5,0,0,0.06,0.06,1,1,0.06,0,0.0,356.32,10.7639,0.25,165.28,194.17,54.54
1,1250,1.5,4,0,4,30,2,0.7,0.0001,2.6,3.5,0,0,0.06,0.06,1,1,0.06,0,121.67,615.23,10.7639,0.25,454.97,376.67,97.25
1,1250,1.5,4,0,4,30,2,0.7,0.0001,7.0,7.0,1,1,0.06,0.06,1,1,0.06,0,100.83,526.83,10.7639,0.25,345.53,445.67,106.97
1,1250,1.5,4,0,4,30,2,0.7,0.0001,7.0,7.0,1,1,0.06,0.06,1,1,0.06,0,0.0,266.54,10.7639,0.25,82.85,180.83,48.27
1,1250,1.5,4,0,4,30,2,0.7,0.0001,7.0,7.0,1,1,0.06,0.06,1,1,0.06,0,169.67,356.74,10.7639,0.25,165.62,354.0,88.58
1,1250,1.5,4,0,4,30,2,0.7,0.0001,7.0,7.0,1,1,0.06,0.06,1,1,0.06,0,100.67,655.23,10.7639,0.25,498.66,447.0,112.65
1,1250,1.5,4,0,4,30,2,0.7,0.0001,7.0,7.0,1,1,0.06,0.06,1,1,0.06,0,6.67,317.91,10.7639,0.25,125.94,188.83,51.21
1,1250,1.5,4,0,4,30,2,0.7,0.0001,7.0,7.0,1,1,0.06,0.06,1,1,0.06,0,98.17,593.19,10.7639,0.25,438.35,388.67,91.7
1,1250,1.5,4,0,4,30,2,0.7,0.0004,2.6,3.5,0,0,0.06,0.06,1,1,0.06,0,42.83,596.91,10.7639,0.25,416.94,275.5,115.12
1,1250,1.5,4,0,4,30,2,0.7,0.0004,2.6,3.5,0,0,0.06,0.06,1,1,0.06,0,0.0,304.07,10.7639,0.25,121.67,195.33,51.63
1,1250,1.5,4,0,4,30,2,0.7,0.0004,2.6,3.5,0,0,0.06,0.06,1,1,0.06,0,157.83,378.39,10.7639,0.25,183.11,353.67,92.79
1,1250,1.5,4,0,4,30,2,0.7,0.0004,2.6,3.5,0,0,0.06,0.06,1,1,0.06,0,42.83,716.15,10.7639,0.25,558.64,275.67,120.77
1,1250,1.5,4,0,4,30,2,0.7,0.0004,2.6,3.5,0,0,0.06,0.06,1,1,0.06,0,0.0,356.32,10.7639,0.25,165.28,194.17,54.54
1,1250,1.5,4,0,4,30,2,0.7,0.0004,2.6,3.5,0,0,0.06,0.06,1,1,0.06,0,121.67,615.23,10.7639,0.25,454.97,376.67,97.25
1,1250,1.5,4,0,4,30,2,0.7,0.0004,7.0,7.0,1,1,0.06,0.06,1,1,0.06,0,100.83,526.83,10.7639,0.25,345.53,445.67,106.97
1,1250,1.5,4,0,4,30,2,0.7,0.0004,7.0,7.0,1,1,0.06,0.06,1,1,0.06,0,0.0,266.54,10.7639,0.25,82.85,180.83,48.27
1,1250,1.5,4,0,4,30,2,0.7,0.0004,7.0,7.0,1,1,0.06,0.06,1,1,0.06,0,169.67,356.74,10.7639,0.25,165.62,354.0,88.58
1,1250,1.5,4,0,4,30,2,0.7,0.0004,7.0,7.0,1,1,0.06,0.06,1,1,0.06,0,100.67,655.23,10.7639,0.25,498.66,447.0,112.65
1,1250,1.5,4,0,4,30,2,0.7,0.0004,7.0,7.0,1,1,0.06,0.06,1,1,0.06,0,6.67,317.91,10.7639,0.25,125.94,188.83,51.21
1,1250,1.5,4,0,4,30,2,0.7,0.0004,7.0,7.0,1,1,0.06,0.06,1,1,0.06,0,98.17,593.19,10.7639,0.25,438.35,388.67,91.7
1,1250,1.5,4,0,4,50,2,0.7,0.0001,2.6,3.5,0,0,0.06,0.06,1,1,0.06,0,100.83,686.44,10.7639,0.25,484.59,265.83,138.8
1,1250,1.5,4,0,4,50,2,0.7,0.0001,2.6,3.5,0,0,0.06,0.06,1,1,0.06,0,0.0,337.53,10.7639,0.25,129.42,186.67,66.48
1,1250,1.5,4,0,4,50,2,0.7,0.0001,2.6,3.5,0,0,0.06,0.06,1,1,0.06,0,228.5,413.95,10.7639,0.25,186.37,365.67,118.85
1,1250,1.5,4,0,4,50,2,0.7,0.0001,2.6,3.5,0,0,0.06,0.06,1,1,0.06,0,100.83,776.04,10.7639,0.25,588.82,265.67,144.86
1,1250,1.5,4,0,4,50,2,0.7,0.0001,2.6,3.5,0,0,0.06,0.06,1,1,0.06,0,0.0,388.17,10.7639,0.25,172.02,186.33,68.52
1,1250,1.5,4,0,4,50,2,0.7,0.0001,2.6,3.5,0,0,0.06,0.06,1,1,0.06,0,165.0,649.91,10.7639,0.25,457.87,392.67,122.59
1,1250,1.5,4,0,4,50,2,0.7,0.0001,7.0,7.0,1,1,0.06,0.06,1,1,0.06,0,161.17,621.43,10.7639,0.25,417.53,426.33,131.79
1,1250,1.5,4,0,4,50,2,0.7,0.0001,7.0,7.0,1,1,0.06,0.06,1,1,0.06,0,0.0,303.16,10.7639,0.25,93.05,178.83,63.84
1,1250,1.5,4,0,4,50,2,0.7,0.0001,7.0,7.0,1,1,0.06,0.06,1,1,0.06,0,255.17,394.27,10.7639,0.25,169.51,360.33,115.89
1,1250,1.5,4,0,4,50,2,0.7,0.0001,7.0,7.0,1,1,0.06,0.06,1,1,0.06,0,161.17,717.45,10.7639,0.25,530.18,426.33,137.5
1,1250,1.5,4,0,4,50,2,0.7,0.0001,7.0,7.0,1,1,0.06,0.06,1,1,0.06,0,0.0,352.62,10.7639,0.25,134.87,180.0,65.78
1,1250,1.5,4,0,4,50,2,0.7,0.0001,7.0,7.0,1,1,0.06,0.06,1,1,0.06,0,182.33,629.88,10.7639,0.25,441.7,396.83,118.5
1,1250,1.5,4,0,4,50,2,0.7,0.0004,2.6,3.5,0,0,0.06,0.06,1,1,0.06,0,100.83,686.44,10.7639,0.25,484.59,265.83,138.8
1,1250,1.5,4,0,4,50,2,0.7,0.0004,2.6,3.5,0,0,0.06,0.06,1,1,0.06,0,0.0,337.53,10.7639,0.25,129.42,186.67,66.48
1,1250,1.5,4,0,4,50,2,0.7,0.0004,2.6,3.5,0,0,0.06,0.06,1,1,0.06,0,228.5,413.95,10.7639,0.25,186.37,365.67,118.85
1,1250,1.5,4,0,4,50,2,0.7,0.0004,2.6,3.5,0,0,0.06,0.06,1,1,0.06,0,100.83,776.04,10.7639,0.25,588.82,265.67,144.86
1,1250,1.5,4,0,4,50,2,0.7,0.0004,2.6,3.5,0,0,0.06,0.06,1,1,0.06,0,0.0,388.17,10.7639,0.25,172.02,186.33,68.52
1,1250,1.5,4,0,4,50,2,0.7,0.0004,2.6,3.5,0,0,0.06,0.06,1,1,0.06,0,164.83,649.91,10.7639,0.25,457.87,392.67,122.59
1,1250,1.5,4,0,4,50,2,0.7,0.0004,7.0,7.0,1,1,0.06,0.06,1,1,0.06,0,161.17,621.43,10.7639,0.25,417.53,426.33,131.79
1,1250,1.5,4,0,4,50,2,0.7,0.0004,7.0,7.0,1,1,0.06,0.06,1,1,0.06,0,0.0,303.16,10.7639,0.25,93.05,178.83,63.84
1,1250,1.5,4,0,4,50,2,0.7,0.0004,7.0,7.0,1,1,0.06,0.06,1,1,0.06,0,255.17,394.27,10.7639,0.25,169.51,360.33,115.89
1,1250,1.5,4,0,4,50,2,0.7,0.0004,7.0,7.0,1,1,0.06,0.06,1,1,0.06,0,161.17,717.45,10.7639,0.25,530.18,426.33,137.5
1,1250,1.5,4,0,4,50,2,0.7,0.0004,7.0,7.0,1,1,0.06,0.06,1,1,0.06,0,0.0,352.62,10.7639,0.25,134.87,180.0,65.78
1,1250,1.5,4,0,4,50,2,0.7,0.0004,7.0,7.0,1,1,0.06,0.06,1,1,0.06,0,182.33,629.88,10.7639,0.25,441.7,396.83,118.5
1,1250,1.5,4,0,4,50,2,0.7,0.0001,2.6,3.5,0,0,0.06,0.06,1,1,0.06,0,149.67,774.28,10.7639,0.25,552.28,260.17,161.13
1,1250,1.5,4,0,4,50,2,0.7,0.0001,2.6,3.5,0,0,0.06,0.06,1,1,0.06,0,0.0,370.79,10.7639,0.25,138.11,181.17,80.93
1,1250,1.5,4,0,4,50,2,0.7,0.0001,2.6,3.5,0,0,0.06,0.06,1,1,0.06,0,149.67,841.45,10.7639,0.25,627.08,260.17,168.44
1,1250,1.5,4,0,4,50,2,0.7,0.0001,7.0,7.0,1,1,0.06,0.06,1,1,0.06,0,203.17,714.3,10.7639,0.25,489.82,409.33,155.08
1,1250,1.5,4,0,4,50,2,0.7,0.0001,7.0,7.0,1,1,0.06,0.06,1,1,0.06,0,203.33,785.84,10.7639,0.25,570.72,409.33,161.83
1,1250,1.5,4,0,4,50,2,0.7,0.0004,2.6,3.5,0,0,0.06,0.06,1,1,0.06,0,149.67,774.28,10.7639,0.25,552.28,260.17,161.13
1,1250,1.5,4,0,4,50,2,0.7,0.0004,2.6,3.5,0,0,0.06,0.06,1,1,0.06,0,149.67,841.45,10.7639,0.25,627.08,260.17,168.44
1,1250,1.5,4,0,4,50,2,0.7,0.0004,7.0,7.0,1,1,0.06,0.06,1,1,0.06,0,203.17,714.3,10.7639,0.25,489.83,409.33,155.08
1,1250,1.5,4,0,4,50,2,0.7,0.0004,7.0,7.0,1,1,0.06,0.06,1,1,0.06,0,203.33,785.84,10.7639,0.25,570.72,409.33,161.83
1,1250,1.5,4,0,4,30,2,0.7,0.0001,2.6,3.5,0,0,0.06,0.06,1,1,0.06,0,0.0,637.21,10.7639,0.25,450.35,264.5,124.91
1,1250,1.5,4,0,4,30,2,0.7,0.0001,2.6,3.5,0,0,0.06,0.06,1,1,0.06,0,0.0,314.55,10.7639,0.25,123.85,195.5,54.92
1,1250,1.5,4,0,4,30,2,0.7,0.0001,2.6,3.5,0,0,0.06,0.06,1,1,0.06,0,156.33,389.3,10.7639,0.25,183.09,221.83,99.14
1,1250,1.5,4,0,4,30,2,0.7,0.0001,2.6,3.5,0,0,0.06,0.06,1,1,0.06,0,0.0,745.17,10.7639,0.25,578.1,264.5,130.43
1,1250,1.5,4,0,4,30,2,0.7,0.0001,2.6,3.5,0,0,0.06,0.06,1,1,0.06,0,0.0,366.77,10.7639,0.25,167.56,194.33,57.69
1,1250,1.5,4,0,4,30,2,0.7,0.0001,2.6,3.5,0,0,0.06,0.06,1,1,0.06,0,147.0,625.06,10.7639,0.25,455.18,249.0,102.04
1,1250,1.5,4,0,4,30,2,0.7,0.0001,7.0,7.0,1,1,0.06,0.06,1,1,0.06,0,0.0,569.51,10.7639,0.25,380.38,442.67,117.56
1,1250,1.5,4,0,4,30,2,0.7,0.0001,7.0,7.0,1,1,0.06,0.06,1,1,0.06,0,0.0,277.11,10.7639,0.25,84.68,181.83,51.46
1,1250,1.5,4,0,4,30,2,0.7,0.0001,7.0,7.0,1,1,0.06,0.06,1,1,0.06,0,90.17,367.5,10.7639,0.25,164.79,178.67,95.13
1,1250,1.5,4,0,4,30,2,0.7,0.0001,7.0,7.0,1,1,0.06,0.06,1,1,0.06,0,0.0,684.53,10.7639,0.25,517.05,442.83,122.98
1,1250,1.5,4,0,4,30,2,0.7,0.0001,7.0,7.0,1,1,0.06,0.06,1,1,0.06,0,0.0,328.45,10.7639,0.25,127.9,189.83,54.29
1,1250,1.5,4,0,4,30,2,0.7,0.0001,7.0,7.0,1,1,0.06,0.06,1,1,0.06,0,78.67,602.48,10.7639,0.25,437.65,218.17,96.27
1,1250,1.5,4,0,4,30,2,0.7,0.0004,2.6,3.5,0,0,0.06,0.06,1,1,0.06,0,0.0,637.21,10.7639,0.25,450.35,264.5,124.91
1,1250,1.5,4,0,4,30,2,0.7,0.0004,2.6,3.5,0,0,0.06,0.06,1,1,0.06,0,0.0,314.55,10.7639,0.25,123.86,195.5,54.92
1,1250,1.5,4,0,4,30,2,0.7,0.0004,2.6,3.5,0,0,0.06,0.06,1,1,0.06,0,156.33,389.3,10.7639,0.25,183.09,221.83,99.14
1,1250,1.5,4,0,4,30,2,0.7,0.0004,2.6,3.5,0,0,0.06,0.06,1,1,0.06,0,0.0,745.17,10.7639,0.25,578.1,264.5,130.43
1,1250,1.5,4,0,4,30,2,0.7,0.0004,2.6,3.5,0,0,0.06,0.06,1,1,0.06,0,0.0,366.77,10.7639,0.25,167.56,194.33,57.69
1,1250,1.5,4,0,4,30,2,0.7,0.0004,2.6,3.5,0,0,0.06,0.06,1,1,0.06,0,147.0,625.06,10.7639,0.25,455.18,249.0,102.04
1,1250,1.5,4,0,4,30,2,0.7,0.0004,7.0,7.0,1,1,0.06,0.06,1,1,0.06,0,0.0,569.51,10.7639,0.25,380.38,442.67,117.56
1,1250,1.5,4,0,4,30,2,0.7,0.0004,7.0,7.0,1,1,0.06,0.06,1,1,0.06,0,0.0,277.11,10.7639,0.25,84.68,181.83,51.46
1,1250,1.5,4,0,4,30,2,0.7,0.0004,7.0,7.0,1,1,0.06,0.06,1,1,0.06,0,90.17,367.5,10.7639,0.25,164.79,178.67,95.13
1,1250,1.5,4,0,4,30,2,0.7,0.0004,7.0,7.0,1,1,0.06,0.06,1,1,0.06,0,0.0,684.53,10.7639,0.25,517.05,442.83,122.98
1,1250,1.5,4,0,4,30,2,0.7,0.0004,7.0,7.0,1,1,0.06,0.06,1,1,0.06,0,0.0,328.45,10.7639,0.25,127.9,189.83,54.29
1,1250,1.5,4,0,4,30,2,0.7,0.0004,7.0,7.0,1,1,0.06,0.06,1,1,0.06,0,78.67,602.48,10.7639,0.25,437.65,218.17,96.27
1,1250,1.5,4,0,4,50,2,0.7,0.0001,2.6,3.5,0,0,0.06,0.06,1,1,0.06,0,0.0,742.09,10.7639,0.25,530.95,257.0,151.98
1,1250,1.5,4,0,4,50,2,0.7,0.0001,2.6,3.5,0,0,0.06,0.06,1,1,0.06,0,0.0,351.89,10.7639,0.25,132.07,187.0,71.13
1,1250,1.5,4,0,4,50,2,0.7,0.0001,2.6,3.5,0,0,0.06,0.06,1,1,0.06,0,159.83,428.91,10.7639,0.25,185.87,258.67,128.12
1,1250,1.5,4,0,4,50,2,0.7,0.0001,2.6,3.5,0,0,0.06,0.06,1,1,0.06,0,0.0,818.97,10.7639,0.25,618.86,257.0,158.46
1,1250,1.5,4,0,4,50,2,0.7,0.0001,2.6,3.5,0,0,0.06,0.06,1,1,0.06,0,0.0,402.52,10.7639,0.25,174.87,187.33,73.02
1,1250,1.5,4,0,4,50,2,0.7,0.0001,2.6,3.5,0,0,0.06,0.06,1,1,0.06,0,151.67,663.65,10.7639,0.25,457.67,274.33,130.02
1,1250,1.5,4,0,4,50,2,0.7,0.0001,7.0,7.0,1,1,0.06,0.06,1,1,0.06,0,0.0,679.84,10.7639,0.25,466.07,423.5,145.6
1,1250,1.5,4,0,4,50,2,0.7,0.0001,7.0,7.0,1,1,0.06,0.06,1,1,0.06,0,0.0,317.63,10.7639,0.25,95.28,179.83,68.41
1,1250,1.5,4,0,4,50,2,0.7,0.0001,7.0,7.0,1,1,0.06,0.06,1,1,0.06,0,109.0,409.31,10.7639,0.25,168.08,201.83,125.64
1,1250,1.5,4,0,4,50,2,0.7,0.0001,7.0,7.0,1,1,0.06,0.06,1,1,0.06,0,0.0,761.18,10.7639,0.25,560.05,423.83,151.61
1,1250,1.5,4,0,4,50,2,0.7,0.0001,7.0,7.0,1,1,0.06,0.06,1,1,0.06,0,0.0,367.15,10.7639,0.25,137.4,183.17,70.24
1,1250,1.5,4,0,4,50,2,0.7,0.0001,7.0,7.0,1,1,0.06,0.06,1,1,0.06,0,102.5,643.29,10.7639,0.25,440.5,241.33,125.99
1,1250,1.5,4,0,4,50,2,0.7,0.0004,2.6,3.5,0,0,0.06,0.06,1,1,0.06,0,0.0,742.09,10.7639,0.25,530.95,257.0,151.98
1,1250,1.5,4,0,4,50,2,0.7,0.0004,2.6,3.5,0,0,0.06,0.06,1,1,0.06,0,0.0,351.89,10.7639,0.25,132.07,187.0,71.13
1,1250,1.5,4,0,4,50,2,0.7,0.0004,2.6,3.5,0,0,0.06,0.06,1,1,0.06,0,159.83,428.91,10.7639,0.25,185.87,258.67,128.12
1,1250,1.5,4,0,4,50,2,0.7,0.0004,2.6,3.5,0,0,0.06,0.06,1,1,0.06,0,0.0,818.97,10.7639,0.25,618.86,257.0,158.46
1,1250,1.5,4,0,4,50,2,0.7,0.0004,2.6,3.5,0,0,0.06,0.06,1,1,0.06,0,0.0,402.52,10.7639,0.25,174.87,187.33,73.02
1,1250,1.5,4,0,4,50,2,0.7,0.0004,2.6,3.5,0,0,0.06,0.06,1,1,0.06,0,151.67,663.65,10.7639,0.25,457.67,274.33,130.02
1,1250,1.5,4,0,4,50,2,0.7,0.0004,7.0,7.0,1,1,0.06,0.06,1,1,0.06,0,0.0,679.84,10.7639,0.25,466.07,423.5,145.6
1,1250,1.5,4,0,4,50,2,0.7,0.0004,7.0,7.0,1,1,0.06,0.06,1,1,0.06,0,0.0,317.63,10.7639,0.25,95.28,179.83,68.41
1,1250,1.5,4,0,4,50,2,0.7,0.0004,7.0,7.0,1,1,0.06,0.06,1,1,0.06,0,109.0,409.31,10.7639,0.25,168.09,201.83,125.64
1,1250,1.5,4,0,4,50,2,0.7,0.0004,7.0,7.0,1,1,0.06,0.06,1,1,0.06,0,0.0,761.18,10.7639,0.25,560.05,423.83,151.61
1,1250,1.5,4,0,4,50,2,0.7,0.0004,7.0,7.0,1,1,0.06,0.06,1,1,0.06,0,0.0,367.15,10.7639,0.25,137.4,183.17,70.24
1,1250,1.5,4,0,4,50,2,0.7,0.0004,7.0,7.0,1,1,0.06,0.06,1,1,0.06,0,102.5,643.29,10.7639,0.25,440.5,241.33,125.99
1,1250,1.5,4,0,4,50,2,0.7,0.0001,2.6,3.5,0,0,0.06,0.06,1,1,0.06,0,0.0,844.3,10.7639,0.25,610.92,250.0,177.39
1,1250,1.5,4,0,4,50,2,0.7,0.0001,2.6,3.5,0,0,0.06,0.06,1,1,0.06,0,0.0,899.01,10.7639,0.25,669.09,250.0,185.67
1,1250,1.5,4,0,4,50,2,0.7,0.0001,7.0,7.0,1,1,0.06,0.06,1,1,0.06,0,0.0,787.73,10.7639,0.25,550.98,406.5,172.2
1,1250,1.5,4,0,4,50,2,0.7,0.0001,7.0,7.0,1,1,0.06,0.06,1,1,0.06,0,0.0,844.91,10.7639,0.25,612.86,406.5,179.92
1,1250,1.5,4,0,4,50,2,0.7,0.0004,2.6,3.5,0,0,0.06,0.06,1,1,0.06,0,0.0,844.3,10.7639,0.25,610.92,250.0,177.39
1,1250,1.5,4,0,4,50,2,0.7,0.0004,2.6,3.5,0,0,0.06,0.06,1,1,0.06,0,0.0,899.01,10.7639,0.25,669.09,250.0,185.67
1,1250,1.5,4,0,4,50,2,0.7,0.0004,7.0,7.0,1,1,0.06,0.06,1,1,0.06,0,0.0,787.74,10.7639,0.25,550.99,406.5,172.2
1,1250,1.5,4,0,4,50,2,0.7,0.0004,7.0,7.0,1,1,0.06,0.06,1,1,0.06,0,0.0,844.91,10.7639,0.25,612.86,406.5,179.92
1,1250,1.5,4,0,4,30,2,0.7,0.0001,2.6,3.5,0,0,0.06,0.06,1,1,0.06,0,44.5,636.23,10.7639,0.25,449.09,275.5,124.41
1,1250,1.5,4,0,4,30,2,0.7,0.0001,2.6,3.5,0,0,0.06,0.06,1,1,0.06,0,0.0,311.4,10.7639,0.25,121.48,194.17,54.3
1,1250,1.5,4,0,4,30,2,0.7,0.0001,2.6,3.5,0,0,0.06,0.06,1,1,0.06,0,149.5,387.16,10.7639,0.25,182.52,357.83,97.82
1,1250,1.5,4,0,4,30,2,0.7,0.0001,2.6,3.5,0,0,0.06,0.06,1,1,0.06,0,44.5,743.82,10.7639,0.25,576.32,275.5,129.99
1,1250,1.5,4,0,4,30,2,0.7,0.0001,2.6,3.5,0,0,0.06,0.06,1,1,0.06,0,0.0,363.61,10.7639,0.25,165.26,194.0,57.18
1,1250,1.5,4,0,4,30,2,0.7,0.0001,2.6,3.5,0,0,0.06,0.06,1,1,0.06,0,116.33,623.18,10.7639,0.25,454.53,381.0,101.12
1,1250,1.5,4,0,4,30,2,0.7,0.0001,7.0,7.0,1,1,0.06,0.06,1,1,0.06,0,102.33,566.54,10.7639,0.25,377.66,449.83,116.52
1,1250,1.5,4,0,4,30,2,0.7,0.0001,7.0,7.0,1,1,0.06,0.06,1,1,0.06,0,0.0,273.86,10.7639,0.25,82.54,180.5,50.77
1,1250,1.5,4,0,4,30,2,0.7,0.0001,7.0,7.0,1,1,0.06,0.06,1,1,0.06,0,161.5,365.25,10.7639,0.25,164.7,356.5,93.58
1,1250,1.5,4,0,4,30,2,0.7,0.0001,7.0,7.0,1,1,0.06,0.06,1,1,0.06,0,102.33,682.48,10.7639,0.25,515.42,450.17,121.99
1,1250,1.5,4,0,4,30,2,0.7,0.0001,7.0,7.0,1,1,0.06,0.06,1,1,0.06,0,1.67,325.08,10.7639,0.25,125.75,188.17,53.68
1,1250,1.5,4,0,4,30,2,0.7,0.0001,7.0,7.0,1,1,0.06,0.06,1,1,0.06,0,93.5,600.64,10.7639,0.25,437.53,390.33,95.26
1,1250,1.5,4,0,4,30,2,0.7,0.0004,2.6,3.5,0,0,0.06,0.06,1,1,0.06,0,44.5,636.24,10.7639,0.25,449.09,275.5,124.41
1,1250,1.5,4,0,4,30,2,0.7,0.0004,2.6,3.5,0,0,0.06,0.06,1,1,0.06,0,0.0,311.4,10.7639,0.25,121.48,194.17,54.3
1,1250,1.5,4,0,4,30,2,0.7,0.0004,2.6,3.5,0,0,0.06,0.06,1,1,0.06,0,149.5,387.16,10.7639,0.25,182.52,357.83,97.82
1,1250,1.5,4,0,4,30,2,0.7,0.0004,2.6,3.5,0,0,0.06,0.06,1,1,0.06,0,44.5,743.82,10.7639,0.25,576.32,275.5,129.99
1,1250,1.5,4,0,4,30,2,0.7,0.0004,2.6,3.5,0,0,0.06,0.06,1,1,0.06,0,0.0,363.61,10.7639,0.25,165.26,194.0,57.18
1,1250,1.5,4,0,4,30,2,0.7,0.0004,2.6,3.5,0,0,0.06,0.06,1,1,0.06,0,116.33,623.18,10.7639,0.25,454.53,381.0,101.12
1,1250,1.5,4,0,4,30,2,0.7,0.0004,7.0,7.0,1,1,0.06,0.06,1,1,0.06,0,102.33,566.54,10.7639,0.25,377.66,449.83,116.52
1,1250,1.5,4,0,4,30,2,0.7,0.0004,7.0,7.0,1,1,0.06,0.06,1,1,0.06,0,0.0,273.86,10.7639,0.25,82.54,180.5,50.77
1,1250,1.5,4,0,4,30,2,0.7,0.0004,7.0,7.0,1,1,0.06,0.06,1,1,0.06,0,161.5,365.25,10.7639,0.25,164.7,356.5,93.58
1,1250,1.5,4,0,4,30,2,0.7,0.0004,7.0,7.0,1,1,0.06,0.06,1,1,0.06,0,102.33,682.48,10.7639,0.25,515.43,450.17,121.99
1,1250,1.5,4,0,4,30,2,0.7,0.0004,7.0,7.0,1,1,0.06,0.06,1,1,0.06,0,1.67,325.08,10.7639,0.25,125.75,188.17,53.68
1,1250,1.5,4,0,4,30,2,0.7,0.0004,7.0,7.0,1,1,0.06,0.06,1,1,0.06,0,93.5,600.64,10.7639,0.25,437.53,390.33,95.26
1,1250,1.5,4,0,4,50,2,0.7,0.0001,2.6,3.5,0,0,0.06,0.06,1,1,0.06,0,102.17,739.06,10.7639,0.25,527.92,268.83,150.94
1,1250,1.5,4,0,4,50,2,0.7,0.0001,2.6,3.5,0,0,0.06,0.06,1,1,0.06,0,0.0,347.71,10.7639,0.25,129.11,186.83,70.19
1,1250,1.5,4,0,4,50,2,0.7,0.0001,2.6,3.5,0,0,0.06,0.06,1,1,0.06,0,211.67,425.9,10.7639,0.25,185.38,372.33,126.1
1,1250,1.5,4,0,4,50,2,0.7,0.0001,2.6,3.5,0,0,0.06,0.06,1,1,0.06,0,102.17,816.39,10.7639,0.25,616.33,268.83,157.45
1,1250,1.5,4,0,4,50,2,0.7,0.0001,2.6,3.5,0,0,0.06,0.06,1,1,0.06,0,0.0,398.12,10.7639,0.25,171.81,185.5,72.17
1,1250,1.5,4,0,4,50,2,0.7,0.0001,2.6,3.5,0,0,0.06,0.06,1,1,0.06,0,146.17,660.91,10.7639,0.25,457.0,403.17,128.52
1,1250,1.5,4,0,4,50,2,0.7,0.0001,7.0,7.0,1,1,0.06,0.06,1,1,0.06,0,161.5,674.89,10.7639,0.25,461.31,430.0,144.25
1,1250,1.5,4,0,4,50,2,0.7,0.0001,7.0,7.0,1,1,0.06,0.06,1,1,0.06,0,0.0,313.36,10.7639,0.25,92.67,178.83,67.41
1,1250,1.5,4,0,4,50,2,0.7,0.0001,7.0,7.0,1,1,0.06,0.06,1,1,0.06,0,241.5,406.16,10.7639,0.25,168.14,364.17,123.32
1,1250,1.5,4,0,4,50,2,0.7,0.0001,7.0,7.0,1,1,0.06,0.06,1,1,0.06,0,161.67,757.85,10.7639,0.25,557.25,430.0,150.31
1,1250,1.5,4,0,4,50,2,0.7,0.0001,7.0,7.0,1,1,0.06,0.06,1,1,0.06,0,0.0,362.61,10.7639,0.25,134.55,181.33,69.28
1,1250,1.5,4,0,4,50,2,0.7,0.0001,7.0,7.0,1,1,0.06,0.06,1,1,0.06,0,161.17,640.51,10.7639,0.25,440.42,402.5,124.26
1,1250,1.5,4,0,4,50,2,0.7,0.0004,2.6,3.5,0,0,0.06,0.06,1,1,0.06,0,102.17,739.06,10.7639,0.25,527.92,268.83,150.94
1,1250,1.5,4,0,4,50,2,0.7,0.0004,2.6,3.5,0,0,0.06,0.06,1,1,0.06,0,0.0,347.71,10.7639,0.25,129.11,186.83,70.19
1,1250,1.5,4,0,4,50,2,0.7,0.0004,2.6,3.5,0,0,0.06,0.06,1,1,0.06,0,211.67,425.9,10.7639,0.25,185.38,372.33,126.1
1,1250,1.5,4,0,4,50,2,0.7,0.0004,2.6,3.5,0,0,0.06,0.06,1,1,0.06,0,102.17,816.39,10.7639,0.25,616.34,268.83,157.45
1,1250,1.5,4,0,4,50,2,0.7,0.0004,2.6,3.5,0,0,0.06,0.06,1,1,0.06,0,0.0,398.12,10.7639,0.25,171.81,185.5,72.17
1,1250,1.5,4,0,4,50,2,0.7,0.0004,2.6,3.5,0,0,0.06,0.06,1,1,0.06,0,146.17,660.91,10.7639,0.25,457.0,403.17,128.52
1,1250,1.5,4,0,4,50,2,0.7,0.0004,7.0,7.0,1,1,0.06,0.06,1,1,0.06,0,161.5,674.89,10.7639,0.25,461.31,430.0,144.25
1,1250,1.5,4,0,4,50,2,0.7,0.0004,7.0,7.0,1,1,0.06,0.06,1,1,0.06,0,0.0,313.36,10.7639,0.25,92.67,178.83,67.41
1,1250,1.5,4,0,4,50,2,0.7,0.0004,7.0,7.0,1,1,0.06,0.06,1,1,0.06,0,241.5,406.16,10.7639,0.25,168.14,364.17,123.32
1,1250,1.5,4,0,4,50,2,0.7,0.0004,7.0,7.0,1,1,0.06,0.06,1,1,0.06,0,161.67,757.85,10.7639,0.25,557.25,430.0,150.31
1,1250,1.5,4,0,4,50,2,0.7,0.0004,7.0,7.0,1,1,0.06,0.06,1,1,0.06,0,0.0,362.61,10.7639,0.25,134.55,181.33,69.28
1,1250,1.5,4,0,4,50,2,0.7,0.0004,7.0,7.0,1,1,0.06,0.06,1,1,0.06,0,161.17,640.51,10.7639,0.25,440.42,402.5,124.26
1,1250,1.5,4,0,4,50,2,0.7,0.0001,2.6,3.5,0,0,0.06,0.06,1,1,0.06,0,150.83,839.52,10.7639,0.25,606.25,260.5,175.96
1,1250,1.5,4,0,4,50,2,0.7,0.0001,2.6,3.5,0,0,0.06,0.06,1,1,0.06,0,150.83,895.22,10.7639,0.25,665.59,260.33,184.26
1,1250,1.5,4,0,4,50,2,0.7,0.0001,7.0,7.0,1,1,0.06,0.06,1,1,0.06,0,203.17,780.85,10.7639,0.25,544.69,411.33,170.29
1,1250,1.5,4,0,4,50,2,0.7,0.0001,7.0,7.0,1,1,0.06,0.06,1,1,0.06,0,203.33,839.89,10.7639,0.25,608.89,411.17,177.99
1,1250,1.5,4,0,4,50,2,0.7,0.0004,2.6,3.5,0,0,0.06,0.06,1,1,0.06,0,150.83,839.52,10.7639,0.25,606.25,260.5,175.96
1,1250,1.5,4,0,4,50,2,0.7,0.0004,2.6,3.5,0,0,0.06,0.06,1,1,0.06,0,150.83,895.22,10.7639,0.25,665.59,260.33,184.26
1,1250,1.5,4,0,4,50,2,0.7,0.0004,7.0,7.0,1,1,0.06,0.06,1,1,0.06,0,203.17,780.85,10.7639,0.25,544.69,411.33,170.29
1,1250,1.5,4,0,4,50,2,0.7,0.0004,7.0,7.0,1,1,0.06,0.06,1,1,0.06,0,203.33,839.89,10.7639,0.25,608.89,411.17,177.99
1,1250,1.5,4,0,4,30,2,0.7,0.0001,2.6,3.5,0,0,0.06,0.06,1,1,0.06,0,42.5,587.55,10.7639,0.25,410.25,273.5,113.11
1,1250,1.5,4,0,4,30,2,0.7,0.0001,2.6,3.5,0,0,0.06,0.06,1,1,0.06,0,0.0,302.93,10.7639,0.25,123.49,195.83,51.39
1,1250,1.5,4,0,4,30,2,0.7,0.0001,2.6,3.5,0,0,0.06,0.06,1,1,0.06,0,162.33,376.27,10.7639,0.25,184.1,351.33,92.15
1,1250,1.5,4,0,4,30,2,0.7,0.0001,2.6,3.5,0,0,0.06,0.06,1,1,0.06,0,42.5,715.97,10.7639,0.25,563.06,274.0,119.07
1,1250,1.5,4,0,4,30,2,0.7,0.0001,2.6,3.5,0,0,0.06,0.06,1,1,0.06,0,0.0,357.13,10.7639,0.25,168.57,194.33,54.45
1,1250,1.5,4,0,4,30,2,0.7,0.0001,2.6,3.5,0,0,0.06,0.06,1,1,0.06,0,144.67,621.61,10.7639,0.25,465.18,366.33,97.36
1,1250,1.5,4,0,4,30,2,0.7,0.0001,7.0,7.0,1,1,0.06,0.06,1,1,0.06,0,100.5,515.77,10.7639,0.25,337.33,443.17,104.64
1,1250,1.5,4,0,4,30,2,0.7,0.0001,7.0,7.0,1,1,0.06,0.06,1,1,0.06,0,0.0,264.82,10.7639,0.25,84.17,182.33,48.05
1,1250,1.5,4,0,4,30,2,0.7,0.0001,7.0,7.0,1,1,0.06,0.06,1,1,0.06,0,175.33,354.26,10.7639,0.25,166.44,347.5,87.85
1,1250,1.5,4,0,4,30,2,0.7,0.0001,7.0,7.0,1,1,0.06,0.06,1,1,0.06,0,100.67,654.16,10.7639,0.25,502.51,446.5,110.71
1,1250,1.5,4,0,4,30,2,0.7,0.0001,7.0,7.0,1,1,0.06,0.06,1,1,0.06,0,8.67,318.11,10.7639,0.25,128.68,189.5,51.13
1,1250,1.5,4,0,4,30,2,0.7,0.0001,7.0,7.0,1,1,0.06,0.06,1,1,0.06,0,122.83,599.34,10.7639,0.25,448.41,383.67,91.84
1,1250,1.5,4,0,4,30,2,0.7,0.0004,2.6,3.5,0,0,0.06,0.06,1,1,0.06,0,42.5,587.55,10.7639,0.25,410.25,273.67,113.11
1,1250,1.5,4,0,4,30,2,0.7,0.0004,2.6,3.5,0,0,0.06,0.06,1,1,0.06,0,0.0,302.93,10.7639,0.25,123.49,195.83,51.39
1,1250,1.5,4,0,4,30,2,0.7,0.0004,2.6,3.5,0,0,0.06,0.06,1,1,0.06,0,162.33,376.27,10.7639,0.25,184.1,351.33,92.15
1,1250,1.5,4,0,4,30,2,0.7,0.0004,2.6,3.5,0,0,0.06,0.06,1,1,0.06,0,42.5,715.97,10.7639,0.25,563.06,274.0,119.07
1,1250,1.5,4,0,4,30,2,0.7,0.0004,2.6,3.5,0,0,0.06,0.06,1,1,0.06,0,0.0,357.13,10.7639,0.25,168.57,194.33,54.45
1,1250,1.5,4,0,4,30,2,0.7,0.0004,2.6,3.5,0,0,0.06,0.06,1,1,0.06,0,144.67,621.61,10.7639,0.25,465.18,366.33,97.36
1,1250,1.5,4,0,4,30,2,0.7,0.0004,7.0,7.0,1,1,0.06,0.06,1,1,0.06,0,100.5,515.77,10.7639,0.25,337.33,443.17,104.64
1,1250,1.5,4,0,4,30,2,0.7,0.0004,7.0,7.0,1,1,0.06,0.06,1,1,0.06,0,0.0,264.82,10.7639,0.25,84.17,182.33,48.05
1,1250,1.5,4,0,4,30,2,0.7,0.0004,7.0,7.0,1,1,0.06,0.06,1,1,0.06,0,175.33,354.26,10.7639,0.25,166.44,347.5,87.85
1,1250,1.5,4,0,4,30,2,0.7,0.0004,7.0,7.0,1,1,0.06,0.06,1,1,0.06,0,100.67,654.16,10.7639,0.25,502.51,446.5,110.71
1,1250,1.5,4,0,4,30,2,0.7,0.0004,7.0,7.0,1,1,0.06,0.06,1,1,0.06,0,8.67,318.11,10.7639,0.25,128.68,189.5,51.13
1,1250,1.5,4,0,4,30,2,0.7,0.0004,7.0,7.0,1,1,0.06,0.06,1,1,0.06,0,122.83,599.34,10.7639,0.25,448.41,383.67,91.84
1,1250,1.5,4,0,4,50,2,0.7,0.0001,2.6,3.5,0,0,0.06,0.06,1,1,0.06,0,100.67,674.03,10.7639,0.25,475.19,265.83,136.18
1,1250,1.5,4,0,4,50,2,0.7,0.0001,2.6,3.5,0,0,0.06,0.06,1,1,0.06,0,0.0,336.11,10.7639,0.25,131.55,186.83,66.17
1,1250,1.5,4,0,4,50,2,0.7,0.0001,2.6,3.5,0,0,0.06,0.06,1,1,0.06,0,230.17,411.32,10.7639,0.25,187.6,362.83,117.83
1,1250,1.5,4,0,4,50,2,0.7,0.0001,2.6,3.5,0,0,0.06,0.06,1,1,0.06,0,100.67,772.16,10.7639,0.25,589.84,265.67,142.43
1,1250,1.5,4,0,4,50,2,0.7,0.0001,2.6,3.5,0,0,0.06,0.06,1,1,0.06,0,0.0,388.76,10.7639,0.25,175.57,186.67,68.35
1,1250,1.5,4,0,4,50,2,0.7,0.0001,2.6,3.5,0,0,0.06,0.06,1,1,0.06,0,196.0,655.87,10.7639,0.25,468.31,388.67,122.42
1,1250,1.5,4,0,4,50,2,0.7,0.0001,7.0,7.0,1,1,0.06,0.06,1,1,0.06,0,161.17,607.25,10.7639,0.25,406.57,422.17,128.84
1,1250,1.5,4,0,4,50,2,0.7,0.0001,7.0,7.0,1,1,0.06,0.06,1,1,0.06,0,0.0,301.19,10.7639,0.25,94.69,179.33,63.54
1,1250,1.5,4,0,4,50,2,0.7,0.0001,7.0,7.0,1,1,0.06,0.06,1,1,0.06,0,261.17,391.25,10.7639,0.25,170.64,356.0,114.65
1,1250,1.5,4,0,4,50,2,0.7,0.0001,7.0,7.0,1,1,0.06,0.06,1,1,0.06,0,161.17,712.55,10.7639,0.25,530.52,422.33,134.76
1,1250,1.5,4,0,4,50,2,0.7,0.0001,7.0,7.0,1,1,0.06,0.06,1,1,0.06,0,0.0,352.66,10.7639,0.25,137.96,181.5,65.62
1,1250,1.5,4,0,4,50,2,0.7,0.0001,7.0,7.0,1,1,0.06,0.06,1,1,0.06,0,205.17,635.57,10.7639,0.25,452.05,393.17,118.25
1,1250,1.5,4,0,4,50,2,0.7,0.0004,2.6,3.5,0,0,0.06,0.06,1,1,0.06,0,100.67,674.03,10.7639,0.25,475.19,265.83,136.18
1,1250,1.5,4,0,4,50,2,0.7,0.0004,2.6,3.5,0,0,0.06,0.06,1,1,0.06,0,0.0,336.11,10.7639,0.25,131.55,186.83,66.17
1,1250,1.5,4,0,4,50,2,0.7,0.0004,2.6,3.5,0,0,0.06,0.06,1,1,0.06,0,230.17,411.32,10.7639,0.25,187.6,362.83,117.83
1,1250,1.5,4,0,4,50,2,0.7,0.0004,2.6,3.5,0,0,0.06,0.06,1,1,0.06,0,100.67,772.16,10.7639,0.25,589.84,265.67,142.43
1,1250,1.5,4,0,4,50,2,0.7,0.0004,2.6,3.5,0,0,0.06,0.06,1,1,0.06,0,0.0,388.76,10.7639,0.25,175.57,186.67,68.35
1,1250,1.5,4,0,4,50,2,0.7,0.0004,2.6,3.5,0,0,0.06,0.06,1,1,0.06,0,196.0,655.87,10.7639,0.25,468.31,388.67,122.42
1,1250,1.5,4,0,4,50,2,0.7,0.0004,7.0,7.0,1,1,0.06,0.06,1,1,0.06,0,161.17,607.25,10.7639,0.25,406.57,422.17,128.84
1,1250,1.5,4,0,4,50,2,0.7,0.0004,7.0,7.0,1,1,0.06,0.06,1,1,0.06,0,0.0,301.2,10.7639,0.25,94.69,179.33,63.54
1,1250,1.5,4,0,4,50,2,0.7,0.0004,7.0,7.0,1,1,0.06,0.06,1,1,0.06,0,261.17,391.25,10.7639,0.25,170.64,356.17,114.65
1,1250,1.5,4,0,4,50,2,0.7,0.0004,7.0,7.0,1,1,0.06,0.06,1,1,0.06,0,161.17,712.54,10.7639,0.25,530.52,422.17,134.76
1,1250,1.5,4,0,4,50,2,0.7,0.0004,7.0,7.0,1,1,0.06,0.06,1,1,0.06,0,0.0,352.66,10.7639,0.25,137.97,181.5,65.62
1,1250,1.5,4,0,4,50,2,0.7,0.0004,7.0,7.0,1,1,0.06,0.06,1,1,0.06,0,205.17,635.57,10.7639,0.25,452.05,393.17,118.25
1,1250,1.5,4,0,4,50,2,0.7,0.0001,2.6,3.5,0,0,0.06,0.06,1,1,0.06,0,149.17,759.03,10.7639,0.25,540.35,257.5,157.96
1,1250,1.5,4,0,4,50,2,0.7,0.0001,2.6,3.5,0,0,0.06,0.06,1,1,0.06,0,0.0,369.17,10.7639,0.25,140.56,181.67,80.53
1,1250,1.5,4,0,4,50,2,0.7,0.0001,2.6,3.5,0,0,0.06,0.06,1,1,0.06,0,149.17,833.98,10.7639,0.25,624.79,257.5,165.32
1,1250,1.5,4,0,4,50,2,0.7,0.0001,7.0,7.0,1,1,0.06,0.06,1,1,0.06,0,204.0,697.27,10.7639,0.25,476.33,404.17,151.57
1,1250,1.5,4,0,4,50,2,0.7,0.0001,7.0,7.0,1,1,0.06,0.06,1,1,0.06,0,204.0,777.26,10.7639,0.25,567.69,404.17,158.38
1,1250,1.5,4,0,4,50,2,0.7,0.0004,2.6,3.5,0,0,0.06,0.06,1,1,0.06,0,149.17,759.02,10.7639,0.25,540.35,257.5,157.96
1,1250,1.5,4,0,4,50,2,0.7,0.0004,2.6,3.5,0,0,0.06,0.06,1,1,0.06,0,149.17,833.98,10.7639,0.25,624.79,257.5,165.32
1,1250,1.5,4,0,4,50,2,0.7,0.0004,7.0,7.0,1,1,0.06,0.06,1,1,0.06,0,204.0,697.27,10.7639,0.25,476.33,404.0,151.57
1,1250,1.5,4,0,4,50,2,0.7,0.0004,7.0,7.0,1,1,0.06,0.06,1,1,0.06,0,204.0,777.26,10.7639,0.25,567.69,404.0,158.38
1,1250,1.5,4,0,4,30,2,0.7,0.0001,2.6,3.5,0,0,0.06,0.06,1,1,0.06,0,0.0,646.43,10.7639,0.25,458.8,263.83,127.33
1,1250,1.5,4,0,4,30,2,0.7,0.0001,2.6,3.5,0,0,0.06,0.06,1,1,0.06,0,0.0,317.04,10.7639,0.25,125.61,196.33,56.05
1,1250,1.5,4,0,4,30,2,0.7,0.0001,2.6,3.5,0,0,0.06,0.06,1,1,0.06,0,155.17,391.55,10.7639,0.25,183.8,229.67,101.16
1,1250,1.5,4,0,4,30,2,0.7,0.0001,2.6,3.5,0,0,0.06,0.06,1,1,0.06,0,0.0,757.62,10.7639,0.25,590.25,263.83,133.12
1,1250,1.5,4,0,4,30,2,0.7,0.0001,2.6,3.5,0,0,0.06,0.06,1,1,0.06,0,0.0,371.1,10.7639,0.25,170.79,194.5,58.91
1,1250,1.5,4,0,4,30,2,0.7,0.0001,2.6,3.5,0,0,0.06,0.06,1,1,0.06,0,173.67,635.39,10.7639,0.25,465.2,243.67,104.17
1,1250,1.5,4,0,4,30,2,0.7,0.0001,7.0,7.0,1,1,0.06,0.06,1,1,0.06,0,0.0,577.24,10.7639,0.25,387.35,439.67,119.76
1,1250,1.5,4,0,4,30,2,0.7,0.0001,7.0,7.0,1,1,0.06,0.06,1,1,0.06,0,0.0,278.96,10.7639,0.25,85.86,183.0,52.55
1,1250,1.5,4,0,4,30,2,0.7,0.0001,7.0,7.0,1,1,0.06,0.06,1,1,0.06,0,89.17,369.34,10.7639,0.25,165.18,183.33,97.11
1,1250,1.5,4,0,4,30,2,0.7,0.0001,7.0,7.0,1,1,0.06,0.06,1,1,0.06,0,0.0,695.88,10.7639,0.25,528.24,439.67,125.43
1,1250,1.5,4,0,4,30,2,0.7,0.0001,7.0,7.0,1,1,0.06,0.06,1,1,0.06,0,0.0,332.11,10.7639,0.25,130.48,190.5,55.48
1,1250,1.5,4,0,4,30,2,0.7,0.0001,7.0,7.0,1,1,0.06,0.06,1,1,0.06,0,99.33,612.4,10.7639,0.25,447.36,216.33,98.35
1,1250,1.5,4,0,4,30,2,0.7,0.0004,2.6,3.5,0,0,0.06,0.06,1,1,0.06,0,0.0,646.43,10.7639,0.25,458.8,263.83,127.33
1,1250,1.5,4,0,4,30,2,0.7,0.0004,2.6,3.5,0,0,0.06,0.06,1,1,0.06,0,0.0,317.04,10.7639,0.25,125.61,196.33,56.05
1,1250,1.5,4,0,4,30,2,0.7,0.0004,2.6,3.5,0,0,0.06,0.06,1,1,0.06,0,155.17,391.55,10.7639,0.25,183.8,229.67,101.16
1,1250,1.5,4,0,4,30,2,0.7,0.0004,2.6,3.5,0,0,0.06,0.06,1,1,0.06,0,0.0,757.62,10.7639,0.25,590.25,263.83,133.12
1,1250,1.5,4,0,4,30,2,0.7,0.0004,2.6,3.5,0,0,0.06,0.06,1,1,0.06,0,0.0,371.1,10.7639,0.25,170.79,194.5,58.91
1,1250,1.5,4,0,4,30,2,0.7,0.0004,2.6,3.5,0,0,0.06,0.06,1,1,0.06,0,173.67,635.39,10.7639,0.25,465.2,243.67,104.17
1,1250,1.5,4,0,4,30,2,0.7,0.0004,7.0,7.0,1,1,0.06,0.06,1,1,0.06,0,0.0,577.24,10.7639,0.25,387.35,439.67,119.76
1,1250,1.5,4,0,4,30,2,0.7,0.0004,7.0,7.0,1,1,0.06,0.06,1,1,0.06,0,0.0,278.96,10.7639,0.25,85.86,183.0,52.55
1,1250,1.5,4,0,4,30,2,0.7,0.0004,7.0,7.0,1,1,0.06,0.06,1,1,0.06,0,89.17,369.34,10.7639,0.25,165.18,183.33,97.11
1,1250,1.5,4,0,4,30,2,0.7,0.0004,7.0,7.0,1,1,0.06,0.06,1,1,0.06,0,0.0,695.88,10.7639,0.25,528.24,439.67,125.43
1,1250,1.5,4,0,4,30,2,0.7,0.0004,7.0,7.0,1,1,0.06,0.06,1,1,0.06,0,0.0,332.11,10.7639,0.25,130.48,190.5,55.48
1,1250,1.5,4,0,4,30,2,0.7,0.0004,7.0,7.0,1,1,0.06,0.06,1,1,0.06,0,99.33,612.4,10.7639,0.25,447.36,216.33,98.35
1,1250,1.5,4,0,4,50,2,0.7,0.0001,2.6,3.5,0,0,0.06,0.06,1,1,0.06,0,0.0,754.56,10.7639,0.25,541.97,256.33,155.17
1,1250,1.5,4,0,4,50,2,0.7,0.0001,2.6,3.5,0,0,0.06,0.06,1,1,0.06,0,0.0,355.41,10.7639,0.25,134.07,187.67,72.74
1,1250,1.5,4,0,4,50,2,0.7,0.0001,2.6,3.5,0,0,0.06,0.06,1,1,0.06,0,162.17,432.36,10.7639,0.25,186.65,260.5,131.01
1,1250,1.5,4,0,4,50,2,0.7,0.0001,2.6,3.5,0,0,0.06,0.06,1,1,0.06,0,0.0,833.67,10.7639,0.25,632.2,256.33,162.02
1,1250,1.5,4,0,4,50,2,0.7,0.0001,2.6,3.5,0,0,0.06,0.06,1,1,0.06,0,0.0,407.86,10.7639,0.25,178.29,188.17,74.71
1,1250,1.5,4,0,4,50,2,0.7,0.0001,2.6,3.5,0,0,0.06,0.06,1,1,0.06,0,171.5,675.12,10.7639,0.25,467.71,274.67,133.0
1,1250,1.5,4,0,4,50,2,0.7,0.0001,7.0,7.0,1,1,0.06,0.06,1,1,0.06,0,0.0,691.0,10.7639,0.25,475.79,418.83,148.61
1,1250,1.5,4,0,4,50,2,0.7,0.0001,7.0,7.0,1,1,0.06,0.06,1,1,0.06,0,0.0,320.69,10.7639,0.25,96.8,181.5,70.02
1,1250,1.5,4,0,4,50,2,0.7,0.0001,7.0,7.0,1,1,0.06,0.06,1,1,0.06,0,110.5,412.43,10.7639,0.25,168.58,202.67,128.54
1,1250,1.5,4,0,4,50,2,0.7,0.0001,7.0,7.0,1,1,0.06,0.06,1,1,0.06,0,0.0,774.78,10.7639,0.25,572.41,418.83,154.96
1,1250,1.5,4,0,4,50,2,0.7,0.0001,7.0,7.0,1,1,0.06,0.06,1,1,0.06,0,0.0,371.99,10.7639,0.25,140.3,185.33,71.92
1,1250,1.5,4,0,4,50,2,0.7,0.0001,7.0,7.0,1,1,0.06,0.06,1,1,0.06,0,125.17,654.42,10.7639,0.25,450.26,243.67,128.94
1,1250,1.5,4,0,4,50,2,0.7,0.0004,2.6,3.5,0,0,0.06,0.06,1,1,0.06,0,0.0,754.56,10.7639,0.25,541.97,256.33,155.17
1,1250,1.5,4,0,4,50,2,0.7,0.0004,2.6,3.5,0,0,0.06,0.06,1,1,0.06,0,0.0,355.41,10.7639,0.25,134.07,187.67,72.74
1,1250,1.5,4,0,4,50,2,0.7,0.0004,2.6,3.5,0,0,0.06,0.06,1,1,0.06,0,162.17,432.36,10.7639,0.25,186.65,260.5,131.01
1,1250,1.5,4,0,4,50,2,0.7,0.0004,2.6,3.5,0,0,0.06,0.06,1,1,0.06,0,0.0,833.67,10.7639,0.25,632.2,256.33,162.02
1,1250,1.5,4,0,4,50,2,0.7,0.0004,2.6,3.5,0,0,0.06,0.06,1,1,0.06,0,0.0,407.86,10.7639,0.25,178.29,188.17,74.71
1,1250,1.5,4,0,4,50,2,0.7,0.0004,2.6,3.5,0,0,0.06,0.06,1,1,0.06,0,171.5,675.12,10.7639,0.25,467.71,274.67,133.0
1,1250,1.5,4,0,4,50,2,0.7,0.0004,7.0,7.0,1,1,0.06,0.06,1,1,0.06,0,0.0,691.0,10.7639,0.25,475.79,418.83,148.61
1,1250,1.5,4,0,4,50,2,0.7,0.0004,7.0,7.0,1,1,0.06,0.06,1,1,0.06,0,0.0,320.69,10.7639,0.25,96.8,181.5,70.02
1,1250,1.5,4,0,4,50,2,0.7,0.0004,7.0,7.0,1,1,0.06,0.06,1,1,0.06,0,110.5,412.43,10.7639,0.25,168.58,202.67,128.54
1,1250,1.5,4,0,4,50,2,0.7,0.0004,7.0,7.0,1,1,0.06,0.06,1,1,0.06,0,0.0,774.78,10.7639,0.25,572.41,418.83,154.96
1,1250,1.5,4,0,4,50,2,0.7,0.0004,7.0,7.0,1,1,0.06,0.06,1,1,0.06,0,0.0,371.99,10.7639,0.25,140.3,185.33,71.92
1,1250,1.5,4,0,4,50,2,0.7,0.0004,7.0,7.0,1,1,0.06,0.06,1,1,0.06,0,125.17,654.42,10.7639,0.25,450.26,243.67,128.94
1,1250,1.5,4,0,4,50,2,0.7,0.0001,2.6,3.5,0,0,0.06,0.06,1,1,0.06,0,0.0,859.92,10.7639,0.25,624.51,247.67,181.28
1,1250,1.5,4,0,4,50,2,0.7,0.0001,2.6,3.5,0,0,0.06,0.06,1,1,0.06,0,0.0,916.2,10.7639,0.25,684.03,247.67,190.05
1,1250,1.5,4,0,4,50,2,0.7,0.0001,7.0,7.0,1,1,0.06,0.06,1,1,0.06,0,0.0,861.14,10.7639,0.25,626.86,401.83,184.17
1,1250,1.5,4,0,4,50,2,0.7,0.0004,2.6,3.5,0,0,0.06,0.06,1,1,0.06,0,0.0,859.92,10.7639,0.25,624.51,247.67,181.28
1,1250,1.5,4,0,4,50,2,0.7,0.0004,2.6,3.5,0,0,0.06,0.06,1,1,0.06,0,0.0,916.2,10.7639,0.25,684.03,247.67,190.05
1,1250,1.5,4,0,4,50,2,0.7,0.0004,7.0,7.0,1,1,0.06,0.06,1,1,0.06,0,0.0,802.29,10.7639,0.25,563.47,401.83,175.97
1,1250,1.5,4,0,4,50,2,0.7,0.0004,7.0,7.0,1,1,0.06,0.06,1,1,0.06,0,0.0,861.14,10.7639,0.25,626.86,401.83,184.17
1,1250,1.5,4,0,4,30,2,0.7,0.0001,2.6,3.5,0,0,0.06,0.06,1,1,0.06,0,45.17,661.56,10.7639,0.25,470.81,274.67,130.56
1,1250,1.5,4,0,4,30,2,0.7,0.0001,2.6,3.5,0,0,0.06,0.06,1,1,0.06,0,0.0,316.8,10.7639,0.25,123.17,194.67,56.43
1,1250,1.5,4,0,4,30,2,0.7,0.0001,2.6,3.5,0,0,0.06,0.06,1,1,0.06,0,155.17,392.84,10.7639,0.25,183.02,357.17,101.7
1,1250,1.5,4,0,4,30,2,0.7,0.0001,2.6,3.5,0,0,0.06,0.06,1,1,0.06,0,45.17,767.88,10.7639,0.25,596.1,274.83,136.43
1,1250,1.5,4,0,4,30,2,0.7,0.0001,2.6,3.5,0,0,0.06,0.06,1,1,0.06,0,0.0,370.92,10.7639,0.25,168.54,194.0,59.41
1,1250,1.5,4,0,4,30,2,0.7,0.0001,2.6,3.5,0,0,0.06,0.06,1,1,0.06,0,130.17,636.65,10.7639,0.25,464.37,369.17,104.7
1,1250,1.5,4,0,4,30,2,0.7,0.0001,7.0,7.0,1,1,0.06,0.06,1,1,0.06,0,102.5,590.71,10.7639,0.25,398.05,449.0,122.59
1,1250,1.5,4,0,4,30,2,0.7,0.0001,7.0,7.0,1,1,0.06,0.06,1,1,0.06,0,0.0,278.64,10.7639,0.25,83.6,182.67,52.78
1,1250,1.5,4,0,4,30,2,0.7,0.0001,7.0,7.0,1,1,0.06,0.06,1,1,0.06,0,163.67,370.42,10.7639,0.25,164.72,349.67,97.37
1,1250,1.5,4,0,4,30,2,0.7,0.0001,7.0,7.0,1,1,0.06,0.06,1,1,0.06,0,102.5,705.4,10.7639,0.25,533.99,449.17,128.29
1,1250,1.5,4,0,4,30,2,0.7,0.0001,7.0,7.0,1,1,0.06,0.06,1,1,0.06,0,0.67,331.66,10.7639,0.25,128.32,189.0,55.79
1,1250,1.5,4,0,4,30,2,0.7,0.0001,7.0,7.0,1,1,0.06,0.06,1,1,0.06,0,103.33,613.47,10.7639,0.25,446.91,380.33,98.59
1,1250,1.5,4,0,4,30,2,0.7,0.0004,2.6,3.5,0,0,0.06,0.06,1,1,0.06,0,45.17,661.56,10.7639,0.25,470.81,274.67,130.56
1,1250,1.5,4,0,4,30,2,0.7,0.0004,2.6,3.5,0,0,0.06,0.06,1,1,0.06,0,0.0,316.8,10.7639,0.25,123.17,194.67,56.43
1,1250,1.5,4,0,4,30,2,0.7,0.0004,2.6,3.5,0,0,0.06,0.06,1,1,0.06,0,155.17,392.84,10.7639,0.25,183.02,357.17,101.7
1,1250,1.5,4,0,4,30,2,0.7,0.0004,2.6,3.5,0,0,0.06,0.06,1,1,0.06,0,45.17,767.88,10.7639,0.25,596.1,274.83,136.43
1,1250,1.5,4,0,4,30,2,0.7,0.0004,2.6,3.5,0,0,0.06,0.06,1,1,0.06,0,0.0,370.92,10.7639,0.25,168.54,194.0,59.41
1,1250,1.5,4,0,4,30,2,0.7,0.0004,2.6,3.5,0,0,0.06,0.06,1,1,0.06,0,130.17,636.65,10.7639,0.25,464.37,369.17,104.7
1,1250,1.5,4,0,4,30,2,0.7,0.0004,7.0,7.0,1,1,0.06,0.06,1,1,0.06,0,102.5,590.71,10.7639,0.25,398.05,449.0,122.59
1,1250,1.5,4,0,4,30,2,0.7,0.0004,7.0,7.0,1,1,0.06,0.06,1,1,0.06,0,0.0,278.64,10.7639,0.25,83.6,182.67,52.78
1,1250,1.5,4,0,4,30,2,0.7,0.0004,7.0,7.0,1,1,0.06,0.06,1,1,0.06,0,163.67,370.42,10.7639,0.25,164.72,349.67,97.37
1,1250,1.5,4,0,4,30,2,0.7,0.0004,7.0,7.0,1,1,0.06,0.06,1,1,0.06,0,102.5,705.4,10.7639,0.25,533.99,449.17,128.29
1,1250,1.5,4,0,4,30,2,0.7,0.0004,7.0,7.0,1,1,0.06,0.06,1,1,0.06,0,0.67,331.66,10.7639,0.25,128.32,189.0,55.79
1,1250,1.5,4,0,4,30,2,0.7,0.0004,7.0,7.0,1,1,0.06,0.06,1,1,0.06,0,103.33,613.47,10.7639,0.25,446.91,380.33,98.59
1,1250,1.5,4,0,4,50,2,0.7,0.0001,2.6,3.5,0,0,0.06,0.06,1,1,0.06,0,102.67,772.95,10.7639,0.25,556.69,268.33,158.98
1,1250,1.5,4,0,4,50,2,0.7,0.0001,2.6,3.5,0,0,0.06,0.06,1,1,0.06,0,0.0,355.27,10.7639,0.25,131.0,187.67,73.17
1,1250,1.5,4,0,4,50,2,0.7,0.0001,2.6,3.5,0,0,0.06,0.06,1,1,0.06,0,209.83,433.93,10.7639,0.25,185.74,368.17,131.62
1,1250,1.5,4,0,4,50,2,0.7,0.0001,2.6,3.5,0,0,0.06,0.06,1,1,0.06,0,102.67,847.94,10.7639,0.25,641.46,268.33,166.11
1,1250,1.5,4,0,4,50,2,0.7,0.0001,2.6,3.5,0,0,0.06,0.06,1,1,0.06,0,0.0,407.44,10.7639,0.25,175.2,186.67,75.22
1,1250,1.5,4,0,4,50,2,0.7,0.0001,2.6,3.5,0,0,0.06,0.06,1,1,0.06,0,155.5,676.65,10.7639,0.25,466.73,397.0,133.63
1,1250,1.5,4,0,4,50,2,0.7,0.0001,7.0,7.0,1,1,0.06,0.06,1,1,0.06,0,161.5,707.98,10.7639,0.25,489.12,428.83,152.26
1,1250,1.5,4,0,4,50,2,0.7,0.0001,7.0,7.0,1,1,0.06,0.06,1,1,0.06,0,0.0,320.47,10.7639,0.25,94.01,179.67,70.31
1,1250,1.5,4,0,4,50,2,0.7,0.0001,7.0,7.0,1,1,0.06,0.06,1,1,0.06,0,242.67,413.83,10.7639,0.25,168.08,359.0,128.85
1,1250,1.5,4,0,4,50,2,0.7,0.0001,7.0,7.0,1,1,0.06,0.06,1,1,0.06,0,161.5,788.46,10.7639,0.25,581.31,428.83,158.89
1,1250,1.5,4,0,4,50,2,0.7,0.0001,7.0,7.0,1,1,0.06,0.06,1,1,0.06,0,0.0,371.46,10.7639,0.25,137.37,183.0,72.26
1,1250,1.5,4,0,4,50,2,0.7,0.0001,7.0,7.0,1,1,0.06,0.06,1,1,0.06,0,165.33,655.76,10.7639,0.25,449.72,394.33,129.23
1,1250,1.5,4,0,4,50,2,0.7,0.0004,2.6,3.5,0,0,0.06,0.06,1,1,0.06,0,102.67,772.95,10.7639,0.25,556.7,268.33,158.98
1,1250,1.5,4,0,4,50,2,0.7,0.0004,2.6,3.5,0,0,0.06,0.06,1,1,0.06,0,0.0,355.27,10.7639,0.25,131.0,187.67,73.17
1,1250,1.5,4,0,4,50,2,0.7,0.0004,2.6,3.5,0,0,0.06,0.06,1,1,0.06,0,209.83,433.93,10.7639,0.25,185.74,368.17,131.62
1,1250,1.5,4,0,4,50,2,0.7,0.0004,2.6,3.5,0,0,0.06,0.06,1,1,0.06,0,102.67,847.94,10.7639,0.25,641.46,268.33,166.11
1,1250,1.5,4,0,4,50,2,0.7,0.0004,2.6,3.5,0,0,0.06,0.06,1,1,0.06,0,0.0,407.44,10.7639,0.25,175.2,186.67,75.22
1,1250,1.5,4,0,4,50,2,0.7,0.0004,2.6,3.5,0,0,0.06,0.06,1,1,0.06,0,155.5,676.65,10.7639,0.25,466.73,397.0,133.63
1,1250,1.5,4,0,4,50,2,0.7,0.0004,7.0,7.0,1,1,0.06,0.06,1,1,0.06,0,161.5,707.98,10.7639,0.25,489.12,428.83,152.26
1,1250,1.5,4,0,4,50,2,0.7,0.0004,7.0,7.0,1,1,0.06,0.06,1,1,0.06,0,0.0,320.47,10.7639,0.25,94.01,179.67,70.31
1,1250,1.5,4,0,4,50,2,0.7,0.0004,7.0,7.0,1,1,0.06,0.06,1,1,0.06,0,242.67,413.83,10.7639,0.25,168.08,359.0,128.85
1,1250,1.5,4,0,4,50,2,0.7,0.0004,7.0,7.0,1,1,0.06,0.06,1,1,0.06,0,161.5,788.46,10.7639,0.25,581.31,428.83,158.89
1,1250,1.5,4,0,4,50,2,0.7,0.0004,7.0,7.0,1,1,0.06,0.06,1,1,0.06,0,0.0,371.46,10.7639,0.25,137.37,183.0,72.26
1,1250,1.5,4,0,4,50,2,0.7,0.0004,7.0,7.0,1,1,0.06,0.06,1,1,0.06,0,165.33,655.76,10.7639,0.25,449.72,394.33,129.23
1,1250,1.5,4,0,4,30,2,0.7,0.0001,2.6,3.5,0,0,0.06,0.06,1,1,0.06,0,42.17,582.79,10.7639,0.25,407.69,271.67,112.28
1,1250,1.5,4,0,4,30,2,0.7,0.0001,2.6,3.5,0,0,0.06,0.06,1,1,0.06,0,0.0,302.92,10.7639,0.25,126.03,197.67,51.61
1,1250,1.5,4,0,4,30,2,0.7,0.0001,2.6,3.5,0,0,0.06,0.06,1,1,0.06,0,167.83,375.12,10.7639,0.25,185.35,345.83,92.28
1,1250,1.5,4,0,4,30,2,0.7,0.0001,2.6,3.5,0,0,0.06,0.06,1,1,0.06,0,42.17,721.68,10.7639,0.25,573.09,272.5,118.67
1,1250,1.5,4,0,4,30,2,0.7,0.0001,2.6,3.5,0,0,0.06,0.06,1,1,0.06,0,0.0,359.82,10.7639,0.25,173.15,196.5,54.87
1,1250,1.5,4,0,4,30,2,0.7,0.0001,2.6,3.5,0,0,0.06,0.06,1,1,0.06,0,180.33,632.18,10.7639,0.25,479.32,361.17,98.3
1,1250,1.5,4,0,4,30,2,0.7,0.0001,7.0,7.0,1,1,0.06,0.06,1,1,0.06,0,100.0,508.87,10.7639,0.25,332.78,437.67,103.46
1,1250,1.5,4,0,4,30,2,0.7,0.0001,7.0,7.0,1,1,0.06,0.06,1,1,0.06,0,0.0,263.97,10.7639,0.25,85.9,184.0,48.28
1,1250,1.5,4,0,4,30,2,0.7,0.0001,7.0,7.0,1,1,0.06,0.06,1,1,0.06,0,178.83,352.56,10.7639,0.25,167.36,347.17,87.82
1,1250,1.5,4,0,4,30,2,0.7,0.0001,7.0,7.0,1,1,0.06,0.06,1,1,0.06,0,100.0,658.62,10.7639,0.25,511.65,445.17,109.99
1,1250,1.5,4,0,4,30,2,0.7,0.0001,7.0,7.0,1,1,0.06,0.06,1,1,0.06,0,11.17,319.92,10.7639,0.25,132.45,190.83,51.55
1,1250,1.5,4,0,4,30,2,0.7,0.0001,7.0,7.0,1,1,0.06,0.06,1,1,0.06,0,167.67,609.52,10.7639,0.25,462.32,375.0,92.73
1,1250,1.5,4,0,4,30,2,0.7,0.0004,2.6,3.5,0,0,0.06,0.06,1,1,0.06,0,42.17,582.79,10.7639,0.25,407.69,271.67,112.28
1,1250,1.5,4,0,4,30,2,0.7,0.0004,2.6,3.5,0,0,0.06,0.06,1,1,0.06,0,0.0,302.92,10.7639,0.25,126.03,197.67,51.61
1,1250,1.5,4,0,4,30,2,0.7,0.0004,2.6,3.5,0,0,0.06,0.06,1,1,0.06,0,167.83,375.12,10.7639,0.25,185.35,345.83,92.28
1,1250,1.5,4,0,4,30,2,0.7,0.0004,2.6,3.5,0,0,0.06,0.06,1,1,0.06,0,42.17,721.68,10.7639,0.25,573.09,272.5,118.67
1,1250,1.5,4,0,4,30,2,0.7,0.0004,2.6,3.5,0,0,0.06,0.06,1,1,0.06,0,0.0,359.82,10.7639,0.25,173.15,196.5,54.87
1,1250,1.5,4,0,4,30,2,0.7,0.0004,2.6,3.5,0,0,0.06,0.06,1,1,0.06,0,180.33,632.18,10.7639,0.25,479.32,361.17,98.3
1,1250,1.5,4,0,4,30,2,0.7,0.0004,7.0,7.0,1,1,0.06,0.06,1,1,0.06,0,100.0,508.87,10.7639,0.25,332.78,437.67,103.46
1,1250,1.5,4,0,4,30,2,0.7,0.0004,7.0,7.0,1,1,0.06,0.06,1,1,0.06,0,0.0,263.97,10.7639,0.25,85.9,184.0,48.28
1,1250,1.5,4,0,4,30,2,0.7,0.0004,7.0,7.0,1,1,0.06,0.06,1,1,0.06,0,178.83,352.56,10.7639,0.25,167.36,347.17,87.82
1,1250,1.5,4,0,4,30,2,0.7,0.0004,7.0,7.0,1,1,0.06,0.06,1,1,0.06,0,100.0,658.62,10.7639,0.25,511.65,445.17,109.99
1,1250,1.5,4,0,4,30,2,0.7,0.0004,7.0,7.0,1,1,0.06,0.06,1,1,0.06,0,11.17,319.92,10.7639,0.25,132.45,190.83,51.55
1,1250,1.5,4,0,4,30,2,0.7,0.0004,7.0,7.0,1,1,0.06,0.06,1,1,0.06,0,167.67,609.52,10.7639,0.25,462.32,375.0,92.73
1,1250,1.5,4,0,4,50,2,0.7,0.0001,2.6,3.5,0,0,0.06,0.06,1,1,0.06,0,100.17,667.87,10.7639,0.25,471.24,265.17,135.13
1,1250,1.5,4,0,4,50,2,0.7,0.0001,2.6,3.5,0,0,0.06,0.06,1,1,0.06,0,0.0,336.34,10.7639,0.25,134.46,187.83,66.51
1,1250,1.5,4,0,4,50,2,0.7,0.0001,2.6,3.5,0,0,0.06,0.06,1,1,0.06,0,235.17,410.09,10.7639,0.25,189.14,357.0,117.79
1,1250,1.5,4,0,4,50,2,0.7,0.0001,2.6,3.5,0,0,0.06,0.06,1,1,0.06,0,100.17,775.44,10.7639,0.25,597.26,265.17,141.73
1,1250,1.5,4,0,4,50,2,0.7,0.0001,2.6,3.5,0,0,0.06,0.06,1,1,0.06,0,0.0,391.6,10.7639,0.25,180.49,187.33,68.89
1,1250,1.5,4,0,4,50,2,0.7,0.0001,2.6,3.5,0,0,0.06,0.06,1,1,0.06,0,225.17,666.45,10.7639,0.25,482.76,383.33,123.28
1,1250,1.5,4,0,4,50,2,0.7,0.0001,7.0,7.0,1,1,0.06,0.06,1,1,0.06,0,161.17,598.88,10.7639,0.25,400.61,418.0,127.42
1,1250,1.5,4,0,4,50,2,0.7,0.0001,7.0,7.0,1,1,0.06,0.06,1,1,0.06,0,0.0,300.61,10.7639,0.25,96.92,181.0,63.84
1,1250,1.5,4,0,4,50,2,0.7,0.0001,7.0,7.0,1,1,0.06,0.06,1,1,0.06,0,268.0,389.4,10.7639,0.25,171.91,355.5,114.33
1,1250,1.5,4,0,4,50,2,0.7,0.0001,7.0,7.0,1,1,0.06,0.06,1,1,0.06,0,161.17,714.46,10.7639,0.25,536.96,418.0,133.7
1,1250,1.5,4,0,4,50,2,0.7,0.0001,7.0,7.0,1,1,0.06,0.06,1,1,0.06,0,1.0,354.73,10.7639,0.25,142.2,183.17,66.13
1,1250,1.5,4,0,4,50,2,0.7,0.0001,7.0,7.0,1,1,0.06,0.06,1,1,0.06,0,243.17,645.64,10.7639,0.25,466.27,386.67,118.92
1,1250,1.5,4,0,4,50,2,0.7,0.0004,2.6,3.5,0,0,0.06,0.06,1,1,0.06,0,100.17,667.87,10.7639,0.25,471.24,265.17,135.13
1,1250,1.5,4,0,4,50,2,0.7,0.0004,2.6,3.5,0,0,0.06,0.06,1,1,0.06,0,0.0,336.34,10.7639,0.25,134.46,187.83,66.51
1,1250,1.5,4,0,4,50,2,0.7,0.0004,2.6,3.5,0,0,0.06,0.06,1,1,0.06,0,235.17,410.09,10.7639,0.25,189.14,357.0,117.79
1,1250,1.5,4,0,4,50,2,0.7,0.0004,2.6,3.5,0,0,0.06,0.06,1,1,0.06,0,100.17,775.44,10.7639,0.25,597.26,265.17,141.73
1,1250,1.5,4,0,4,50,2,0.7,0.0004,2.6,3.5,0,0,0.06,0.06,1,1,0.06,0,0.0,391.6,10.7639,0.25,180.49,187.33,68.89
1,1250,1.5,4,0,4,50,2,0.7,0.0004,2.6,3.5,0,0,0.06,0.06,1,1,0.06,0,225.17,666.45,10.7639,0.25,482.76,383.33,123.28
1,1250,1.5,4,0,4,50,2,0.7,0.0004,7.0,7.0,1,1,0.06,0.06,1,1,0.06,0,161.17,598.88,10.7639,0.25,400.61,418.0,127.42
1,1250,1.5,4,0,4,50,2,0.7,0.0004,7.0,7.0,1,1,0.06,0.06,1,1,0.06,0,0.0,300.61,10.7639,0.25,96.92,181.0,63.84
1,1250,1.5,4,0,4,50,2,0.7,0.0004,7.0,7.0,1,1,0.06,0.06,1,1,0.06,0,268.0,389.4,10.7639,0.25,171.91,355.5,114.33
1,1250,1.5,4,0,4,50,2,0.7,0.0004,7.0,7.0,1,1,0.06,0.06,1,1,0.06,0,161.17,714.46,10.7639,0.25,536.96,418.0,133.7
1,1250,1.5,4,0,4,50,2,0.7,0.0004,7.0,7.0,1,1,0.06,0.06,1,1,0.06,0,1.0,354.73,10.7639,0.25,142.2,183.17,66.13
1,1250,1.5,4,0,4,50,2,0.7,0.0004,7.0,7.0,1,1,0.06,0.06,1,1,0.06,0,243.17,645.64,10.7639,0.25,466.27,386.67,118.92
1,1250,1.5,4,0,4,50,2,0.7,0.0001,2.6,3.5,0,0,0.06,0.06,1,1,0.06,0,148.83,751.69,10.7639,0.25,535.24,257.17,156.72
1,1250,1.5,4,0,4,50,2,0.7,0.0001,7.0,7.0,1,1,0.06,0.06,1,1,0.06,0,203.67,687.79,10.7639,0.25,469.28,399.17,149.96
1,1250,1.5,4,0,4,50,2,0.7,0.0004,2.6,3.5,0,0,0.06,0.06,1,1,0.06,0,148.83,751.69,10.7639,0.25,535.24,257.17,156.72
1,1250,1.5,4,0,4,30,2,0.7,0.0001,2.6,3.5,0,0,0.06,0.06,1,1,0.06,0,0.0,658.92,10.7639,0.25,470.3,264.33,130.61
1,1250,1.5,4,0,4,30,2,0.7,0.0001,2.6,3.5,0,0,0.06,0.06,1,1,0.06,0,0.0,320.38,10.7639,0.25,128.1,197.83,57.58
1,1250,1.5,4,0,4,30,2,0.7,0.0001,2.6,3.5,0,0,0.06,0.06,1,1,0.06,0,151.67,394.59,10.7639,0.25,184.83,231.0,103.87
1,1250,1.5,4,0,4,30,2,0.7,0.0001,2.6,3.5,0,0,0.06,0.06,1,1,0.06,0,0.0,774.75,10.7639,0.25,607.11,264.33,136.77
1,1250,1.5,4,0,4,30,2,0.7,0.0001,2.6,3.5,0,0,0.06,0.06,1,1,0.06,0,0.0,377.03,10.7639,0.25,175.35,197.33,60.57
1,1250,1.5,4,0,4,30,2,0.7,0.0001,2.6,3.5,0,0,0.06,0.06,1,1,0.06,0,192.33,649.77,10.7639,0.25,479.23,235.0,107.12
1,1250,1.5,4,0,4,30,2,0.7,0.0001,7.0,7.0,1,1,0.06,0.06,1,1,0.06,0,0.0,587.81,10.7639,0.25,396.96,435.83,122.77
1,1250,1.5,4,0,4,30,2,0.7,0.0001,7.0,7.0,1,1,0.06,0.06,1,1,0.06,0,0.0,281.49,10.7639,0.25,87.53,185.0,54.04
1,1250,1.5,4,0,4,30,2,0.7,0.0001,7.0,7.0,1,1,0.06,0.06,1,1,0.06,0,88.33,371.82,10.7639,0.25,165.75,185.33,99.77
1,1250,1.5,4,0,4,30,2,0.7,0.0001,7.0,7.0,1,1,0.06,0.06,1,1,0.06,0,0.0,711.59,10.7639,0.25,543.85,435.83,128.77
1,1250,1.5,4,0,4,30,2,0.7,0.0001,7.0,7.0,1,1,0.06,0.06,1,1,0.06,0,0.0,337.13,10.7639,0.25,134.15,192.33,57.1
1,1250,1.5,4,0,4,30,2,0.7,0.0001,7.0,7.0,1,1,0.06,0.06,1,1,0.06,0,128.83,626.21,10.7639,0.25,460.97,210.33,101.2
1,1250,1.5,4,0,4,30,2,0.7,0.0004,2.6,3.5,0,0,0.06,0.06,1,1,0.06,0,0.0,658.92,10.7639,0.25,470.3,264.33,130.61
1,1250,1.5,4,0,4,30,2,0.7,0.0004,2.6,3.5,0,0,0.06,0.06,1,1,0.06,0,0.0,320.38,10.7639,0.25,128.1,197.83,57.58
1,1250,1.5,4,0,4,30,2,0.7,0.0004,2.6,3.5,0,0,0.06,0.06,1,1,0.06,0,151.67,394.59,10.7639,0.25,184.84,231.0,103.87
1,1250,1.5,4,0,4,30,2,0.7,0.0004,2.6,3.5,0,0,0.06,0.06,1,1,0.06,0,0.0,774.75,10.7639,0.25,607.11,264.33,136.77
1,1250,1.5,4,0,4,30,2,0.7,0.0004,2.6,3.5,0,0,0.06,0.06,1,1,0.06,0,0.0,377.03,10.7639,0.25,175.35,197.33,60.57
1,1250,1.5,4,0,4,30,2,0.7,0.0004,2.6,3.5,0,0,0.06,0.06,1,1,0.06,0,192.33,649.77,10.7639,0.25,479.23,235.0,107.12
1,1250,1.5,4,0,4,30,2,0.7,0.0004,7.0,7.0,1,1,0.06,0.06,1,1,0.06,0,0.0,587.81,10.7639,0.25,396.96,435.83,122.77
1,1250,1.5,4,0,4,30,2,0.7,0.0004,7.0,7.0,1,1,0.06,0.06,1,1,0.06,0,0.0,281.49,10.7639,0.25,87.53,185.0,54.04
1,1250,1.5,4,0,4,30,2,0.7,0.0004,7.0,7.0,1,1,0.06,0.06,1,1,0.06,0,88.33,371.82,10.7639,0.25,165.75,185.33,99.77
1,1250,1.5,4,0,4,30,2,0.7,0.0004,7.0,7.0,1,1,0.06,0.06,1,1,0.06,0,0.0,711.59,10.7639,0.25,543.85,435.83,128.77
1,1250,1.5,4,0,4,30,2,0.7,0.0004,7.0,7.0,1,1,0.06,0.06,1,1,0.06,0,0.0,337.13,10.7639,0.25,134.15,192.33,57.1
1,1250,1.5,4,0,4,30,2,0.7,0.0004,7.0,7.0,1,1,0.06,0.06,1,1,0.06,0,128.83,626.21,10.7639,0.25,460.97,210.33,101.2
1,1250,1.5,4,0,4,50,2,0.7,0.0001,2.6,3.5,0,0,0.06,0.06,1,1,0.06,0,0.0,771.46,10.7639,0.25,556.98,255.17,159.47
1,1250,1.5,4,0,4,50,2,0.7,0.0001,2.6,3.5,0,0,0.06,0.06,1,1,0.06,0,0.0,360.32,10.7639,0.25,136.93,190.17,74.94
1,1250,1.5,4,0,4,50,2,0.7,0.0001,2.6,3.5,0,0,0.06,0.06,1,1,0.06,0,162.33,437.01,10.7639,0.25,187.78,262.5,134.89
1,1250,1.5,4,0,4,50,2,0.7,0.0001,2.6,3.5,0,0,0.06,0.06,1,1,0.06,0,0.0,853.83,10.7639,0.25,650.65,255.17,166.85
1,1250,1.5,4,0,4,50,2,0.7,0.0001,2.6,3.5,0,0,0.06,0.06,1,1,0.06,0,0.0,415.31,10.7639,0.25,183.16,190.0,77.0
1,1250,1.5,4,0,4,50,2,0.7,0.0001,2.6,3.5,0,0,0.06,0.06,1,1,0.06,0,197.83,691.07,10.7639,0.25,481.86,269.83,137.04
1,1250,1.5,4,0,4,50,2,0.7,0.0001,7.0,7.0,1,1,0.06,0.06,1,1,0.06,0,0.0,706.06,10.7639,0.25,488.95,413.33,152.69
1,1250,1.5,4,0,4,50,2,0.7,0.0001,7.0,7.0,1,1,0.06,0.06,1,1,0.06,0,0.0,324.89,10.7639,0.25,98.94,183.5,72.21
1,1250,1.5,4,0,4,50,2,0.7,0.0001,7.0,7.0,1,1,0.06,0.06,1,1,0.06,0,108.0,416.63,10.7639,0.25,169.31,205.5,132.4
1,1250,1.5,4,0,4,50,2,0.7,0.0001,7.0,7.0,1,1,0.06,0.06,1,1,0.06,0,0.0,793.4,10.7639,0.25,589.43,413.33,159.53
1,1250,1.5,4,0,4,50,2,0.7,0.0001,7.0,7.0,1,1,0.06,0.06,1,1,0.06,0,0.0,378.65,10.7639,0.25,144.42,188.0,74.19
1,1250,1.5,4,0,4,50,2,0.7,0.0001,7.0,7.0,1,1,0.06,0.06,1,1,0.06,0,152.33,669.92,10.7639,0.25,464.02,241.0,132.97
1,1250,1.5,4,0,4,50,2,0.7,0.0004,2.6,3.5,0,0,0.06,0.06,1,1,0.06,0,0.0,771.46,10.7639,0.25,556.98,255.17,159.47
1,1250,1.5,4,0,4,50,2,0.7,0.0004,2.6,3.5,0,0,0.06,0.06,1,1,0.06,0,0.0,360.32,10.7639,0.25,136.93,190.17,74.94
1,1250,1.5,4,0,4,50,2,0.7,0.0004,2.6,3.5,0,0,0.06,0.06,1,1,0.06,0,162.33,437.01,10.7639,0.25,187.78,262.5,134.89
1,1250,1.5,4,0,4,50,2,0.7,0.0004,2.6,3.5,0,0,0.06,0.06,1,1,0.06,0,0.0,853.84,10.7639,0.25,650.65,255.17,166.85
1,1250,1.5,4,0,4,50,2,0.7,0.0004,2.6,3.5,0,0,0.06,0.06,1,1,0.06,0,0.0,415.31,10.7639,0.25,183.16,190.0,77.0
1,1250,1.5,4,0,4,50,2,0.7,0.0004,2.6,3.5,0,0,0.06,0.06,1,1,0.06,0,197.83,691.07,10.7639,0.25,481.86,269.83,137.04
1,1250,1.5,4,0,4,50,2,0.7,0.0004,7.0,7.0,1,1,0.06,0.06,1,1,0.06,0,0.0,706.06,10.7639,0.25,488.95,413.33,152.69
1,1250,1.5,4,0,4,50,2,0.7,0.0004,7.0,7.0,1,1,0.06,0.06,1,1,0.06,0,0.0,324.89,10.7639,0.25,98.94,183.5,72.21
1,1250,1.5,4,0,4,50,2,0.7,0.0004,7.0,7.0,1,1,0.06,0.06,1,1,0.06,0,108.0,416.63,10.7639,0.25,169.31,205.5,132.4
1,1250,1.5,4,0,4,50,2,0.7,0.0004,7.0,7.0,1,1,0.06,0.06,1,1,0.06,0,0.0,793.4,10.7639,0.25,589.44,413.33,159.53
1,1250,1.5,4,0,4,50,2,0.7,0.0004,7.0,7.0,1,1,0.06,0.06,1,1,0.06,0,0.0,378.65,10.7639,0.25,144.42,188.0,74.19
1,1250,1.5,4,0,4,50,2,0.7,0.0004,7.0,7.0,1,1,0.06,0.06,1,1,0.06,0,152.33,669.92,10.7639,0.25,464.02,241.0,132.97
1,1250,1.5,4,0,4,30,2,0.7,0.0001,2.6,3.5,0,0,0.06,0.06,1,1,0.06,0,46.0,688.53,10.7639,0.25,494.28,274.83,137.14
1,1250,1.5,4,0,4,30,2,0.7,0.0001,2.6,3.5,0,0,0.06,0.06,1,1,0.06,0,0.0,322.74,10.7639,0.25,125.59,197.5,58.83
1,1250,1.5,4,0,4,30,2,0.7,0.0001,2.6,3.5,0,0,0.06,0.06,1,1,0.06,0,158.83,398.93,10.7639,0.25,183.82,344.5,106.07
1,1250,1.5,4,0,4,30,2,0.7,0.0001,2.6,3.5,0,0,0.06,0.06,1,1,0.06,0,46.0,795.56,10.7639,0.25,619.91,275.0,143.46
1,1250,1.5,4,0,4,30,2,0.7,0.0001,2.6,3.5,0,0,0.06,0.06,1,1,0.06,0,0.0,379.53,10.7639,0.25,173.13,196.67,61.97
1,1250,1.5,4,0,4,30,2,0.7,0.0001,2.6,3.5,0,0,0.06,0.06,1,1,0.06,0,138.83,653.81,10.7639,0.25,478.23,353.83,108.93
1,1250,1.5,4,0,4,30,2,0.7,0.0001,7.0,7.0,1,1,0.06,0.06,1,1,0.06,0,102.67,615.97,10.7639,0.25,419.72,448.17,129.01
1,1250,1.5,4,0,4,30,2,0.7,0.0001,7.0,7.0,1,1,0.06,0.06,1,1,0.06,0,0.0,283.79,10.7639,0.25,85.19,184.67,55.07
1,1250,1.5,4,0,4,30,2,0.7,0.0001,7.0,7.0,1,1,0.06,0.06,1,1,0.06,0,167.33,375.88,10.7639,0.25,165.0,338.0,101.65
1,1250,1.5,4,0,4,30,2,0.7,0.0001,7.0,7.0,1,1,0.06,0.06,1,1,0.06,0,102.67,731.51,10.7639,0.25,556.25,448.17,135.08
1,1250,1.5,4,0,4,30,2,0.7,0.0001,7.0,7.0,1,1,0.06,0.06,1,1,0.06,0,0.0,339.3,10.7639,0.25,131.95,188.67,58.23
1,1250,1.5,4,0,4,30,2,0.7,0.0001,7.0,7.0,1,1,0.06,0.06,1,1,0.06,0,117.33,629.88,10.7639,0.25,460.24,359.83,102.57
1,1250,1.5,4,0,4,30,2,0.7,0.0004,2.6,3.5,0,0,0.06,0.06,1,1,0.06,0,46.0,688.53,10.7639,0.25,494.27,274.83,137.14
1,1250,1.5,4,0,4,30,2,0.7,0.0004,2.6,3.5,0,0,0.06,0.06,1,1,0.06,0,0.0,322.74,10.7639,0.25,125.59,197.5,58.83
1,1250,1.5,4,0,4,30,2,0.7,0.0004,2.6,3.5,0,0,0.06,0.06,1,1,0.06,0,158.83,398.93,10.7639,0.25,183.82,344.5,106.07
1,1250,1.5,4,0,4,30,2,0.7,0.0004,2.6,3.5,0,0,0.06,0.06,1,1,0.06,0,46.0,795.56,10.7639,0.25,619.91,275.0,143.46
1,1250,1.5,4,0,4,30,2,0.7,0.0004,2.6,3.5,0,0,0.06,0.06,1,1,0.06,0,0.0,379.53,10.7639,0.25,173.13,196.67,61.97
1,1250,1.5,4,0,4,30,2,0.7,0.0004,2.6,3.5,0,0,0.06,0.06,1,1,0.06,0,138.83,653.81,10.7639,0.25,478.23,353.83,108.93
1,1250,1.5,4,0,4,30,2,0.7,0.0004,7.0,7.0,1,1,0.06,0.06,1,1,0.06,0,102.67,615.97,10.7639,0.25,419.72,448.17,129.01
1,1250,1.5,4,0,4,30,2,0.7,0.0004,7.0,7.0,1,1,0.06,0.06,1,1,0.06,0,0.0,283.79,10.7639,0.25,85.19,184.67,55.07
1,1250,1.5,4,0,4,30,2,0.7,0.0004,7.0,7.0,1,1,0.06,0.06,1,1,0.06,0,167.33,375.88,10.7639,0.25,165.0,338.0,101.65
1,1250,1.5,4,0,4,30,2,0.7,0.0004,7.0,7.0,1,1,0.06,0.06,1,1,0.06,0,102.67,731.51,10.7639,0.25,556.25,448.17,135.08
1,1250,1.5,4,0,4,30,2,0.7,0.0004,7.0,7.0,1,1,0.06,0.06,1,1,0.06,0,0.0,339.3,10.7639,0.25,131.95,188.67,58.23
1,1250,1.5,4,0,4,30,2,0.7,0.0004,7.0,7.0,1,1,0.06,0.06,1,1,0.06,0,117.33,629.88,10.7639,0.25,460.24,359.83,102.57
1,1250,1.5,4,0,4,50,2,0.7,0.0001,2.6,3.5,0,0,0.06,0.06,1,1,0.06,0,103.5,809.08,10.7639,0.25,587.69,268.83,167.59
1,1250,1.5,4,0,4,50,2,0.7,0.0001,2.6,3.5,0,0,0.06,0.06,1,1,0.06,0,0.0,363.68,10.7639,0.25,133.71,188.17,76.56
1,1250,1.5,4,0,4,50,2,0.7,0.0001,2.6,3.5,0,0,0.06,0.06,1,1,0.06,0,212.33,442.65,10.7639,0.25,186.42,359.17,137.87
1,1250,1.5,4,0,4,50,2,0.7,0.0001,2.6,3.5,0,0,0.06,0.06,1,1,0.06,0,103.67,883.43,10.7639,0.25,670.68,268.67,175.54
1,1250,1.5,4,0,4,50,2,0.7,0.0001,2.6,3.5,0,0,0.06,0.06,1,1,0.06,0,0.0,418.45,10.7639,0.25,179.99,187.17,78.73
1,1250,1.5,4,0,4,50,2,0.7,0.0001,2.6,3.5,0,0,0.06,0.06,1,1,0.06,0,162.33,696.33,10.7639,0.25,480.49,388.33,139.56
1,1250,1.5,4,0,4,50,2,0.7,0.0001,7.0,7.0,1,1,0.06,0.06,1,1,0.06,0,162.0,742.58,10.7639,0.25,518.47,425.33,160.73
1,1250,1.5,4,0,4,50,2,0.7,0.0001,7.0,7.0,1,1,0.06,0.06,1,1,0.06,0,0.0,328.23,10.7639,0.25,95.95,181.83,73.62
1,1250,1.5,4,0,4,50,2,0.7,0.0001,7.0,7.0,1,1,0.06,0.06,1,1,0.06,0,240.17,422.03,10.7639,0.25,168.3,356.33,135.05
1,1250,1.5,4,0,4,50,2,0.7,0.0001,7.0,7.0,1,1,0.06,0.06,1,1,0.06,0,162.0,822.42,10.7639,0.25,608.96,425.33,168.12
1,1250,1.5,4,0,4,50,2,0.7,0.0001,7.0,7.0,1,1,0.06,0.06,1,1,0.06,0,0.0,381.66,10.7639,0.25,141.38,185.67,75.67
1,1250,1.5,4,0,4,50,2,0.7,0.0001,7.0,7.0,1,1,0.06,0.06,1,1,0.06,0,173.17,674.82,10.7639,0.25,462.99,378.83,135.01
1,1250,1.5,4,0,4,50,2,0.7,0.0004,2.6,3.5,0,0,0.06,0.06,1,1,0.06,0,103.5,809.07,10.7639,0.25,587.68,268.67,167.59
1,1250,1.5,4,0,4,50,2,0.7,0.0004,2.6,3.5,0,0,0.06,0.06,1,1,0.06,0,0.0,363.68,10.7639,0.25,133.71,188.17,76.56
1,1250,1.5,4,0,4,50,2,0.7,0.0004,2.6,3.5,0,0,0.06,0.06,1,1,0.06,0,212.33,442.65,10.7639,0.25,186.42,359.17,137.87
1,1250,1.5,4,0,4,50,2,0.7,0.0004,2.6,3.5,0,0,0.06,0.06,1,1,0.06,0,103.5,883.43,10.7639,0.25,670.68,268.67,175.54
1,1250,1.5,4,0,4,50,2,0.7,0.0004,2.6,3.5,0,0,0.06,0.06,1,1,0.06,0,0.0,418.45,10.7639,0.25,179.99,187.17,78.73
1,1250,1.5,4,0,4,50,2,0.7,0.0004,2.6,3.5,0,0,0.06,0.06,1,1,0.06,0,162.33,696.33,10.7639,0.25,480.49,388.33,139.56
1,1250,1.5,4,0,4,50,2,0.7,0.0004,7.0,7.0,1,1,0.06,0.06,1,1,0.06,0,162.0,742.58,10.7639,0.25,518.47,425.33,160.73
1,1250,1.5,4,0,4,50,2,0.7,0.0004,7.0,7.0,1,1,0.06,0.06,1,1,0.06,0,0.0,328.23,10.7639,0.25,95.95,181.83,73.62
1,1250,1.5,4,0,4,50,2,0.7,0.0004,7.0,7.0,1,1,0.06,0.06,1,1,0.06,0,240.17,422.03,10.7639,0.25,168.3,356.33,135.05
1,1250,1.5,4,0,4,50,2,0.7,0.0004,7.0,7.0,1,1,0.06,0.06,1,1,0.06,0,162.0,822.42,10.7639,0.25,608.96,425.33,168.12
1,1250,1.5,4,0,4,50,2,0.7,0.0004,7.0,7.0,1,1,0.06,0.06,1,1,0.06,0,0.0,381.66,10.7639,0.25,141.38,185.67,75.67
1,1250,1.5,4,0,4,50,2,0.7,0.0004,7.0,7.0,1,1,0.06,0.06,1,1,0.06,0,173.17,674.82,10.7639,0.25,462.99,378.83,135.01
5,1250,1,4,0,4,30,2,0.7,0.0001,2.6,3.5,0,0,0.06,0.06,1,1,0.06,0,108.67,559.39,10.7639,0.25,1386.27,828.0,515.58
5,1250,1,4,0,4,30,2,0.7,0.0001,2.6,3.5,0,0,0.06,0.06,1,1,0.06,0,0.0,291.58,10.7639,0.25,221.24,111.17,290.36
5,1250,1,4,0,4,30,2,0.7,0.0001,2.6,3.5,0,0,0.06,0.06,1,1,0.06,0,307.67,395.22,10.7639,0.25,614.66,633.67,536.56
5,1250,1,4,0,4,30,2,0.7,0.0001,2.6,3.5,0,0,0.06,0.06,1,1,0.06,0,108.67,652.89,10.7639,0.25,1830.11,827.83,533.44
5,1250,1,4,0,4,30,2,0.7,0.0001,2.6,3.5,0,0,0.06,0.06,1,1,0.06,0,24.5,335.09,10.7639,0.25,377.8,113.33,286.48
5,1250,1,4,0,4,30,2,0.7,0.0001,2.6,3.5,0,0,0.06,0.06,1,1,0.06,0,209.5,624.04,10.7639,0.25,1689.91,764.5,527.64
5,1250,1,4,0,4,30,2,0.7,0.0001,7.0,7.0,1,1,0.06,0.06,1,1,0.06,0,136.33,522.76,10.7639,0.25,1234.84,876.17,499.72
5,1250,1,4,0,4,30,2,0.7,0.0001,7.0,7.0,1,1,0.06,0.06,1,1,0.06,0,0.17,278.04,10.7639,0.25,151.82,95.33,293.96
5,1250,1,4,0,4,30,2,0.7,0.0001,7.0,7.0,1,1,0.06,0.06,1,1,0.06,0,280.0,389.72,10.7639,0.25,584.37,650.67,550.21
5,1250,1,4,0,4,30,2,0.7,0.0001,7.0,7.0,1,1,0.06,0.06,1,1,0.06,0,136.5,619.02,10.7639,0.25,1692.49,876.17,517.47
5,1250,1,4,0,4,30,2,0.7,0.0001,7.0,7.0,1,1,0.06,0.06,1,1,0.06,0,56.17,319.09,10.7639,0.25,302.1,111.33,286.77
5,1250,1,4,0,4,30,2,0.7,0.0001,7.0,7.0,1,1,0.06,0.06,1,1,0.06,0,177.67,617.07,10.7639,0.25,1659.11,786.83,534.48
5,1250,1,4,0,4,30,2,0.7,0.0004,2.6,3.5,0,0,0.06,0.06,1,1,0.06,0,108.67,559.39,10.7639,0.25,1386.27,828.0,515.58
5,1250,1,4,0,4,30,2,0.7,0.0004,2.6,3.5,0,0,0.06,0.06,1,1,0.06,0,0.0,291.58,10.7639,0.25,221.24,111.17,290.36
5,1250,1,4,0,4,30,2,0.7,0.0004,2.6,3.5,0,0,0.06,0.06,1,1,0.06,0,307.67,395.22,10.7639,0.25,614.66,633.67,536.56
5,1250,1,4,0,4,30,2,0.7,0.0004,2.6,3.5,0,0,0.06,0.06,1,1,0.06,0,108.67,652.89,10.7639,0.25,1830.11,827.83,533.44
5,1250,1,4,0,4,30,2,0.7,0.0004,2.6,3.5,0,0,0.06,0.06,1,1,0.06,0,24.5,335.09,10.7639,0.25,377.8,113.33,286.48
5,1250,1,4,0,4,30,2,0.7,0.0004,2.6,3.5,0,0,0.06,0.06,1,1,0.06,0,210.33,624.04,10.7639,0.25,1689.91,765.0,527.64
5,1250,1,4,0,4,30,2,0.7,0.0004,7.0,7.0,1,1,0.06,0.06,1,1,0.06,0,136.33,522.76,10.7639,0.25,1234.84,876.17,499.72
5,1250,1,4,0,4,30,2,0.7,0.0004,7.0,7.0,1,1,0.06,0.06,1,1,0.06,0,0.17,278.04,10.7639,0.25,151.82,95.33,293.96
5,1250,1,4,0,4,30,2,0.7,0.0004,7.0,7.0,1,1,0.06,0.06,1,1,0.06,0,280.0,389.72,10.7639,0.25,584.37,650.67,550.21
5,1250,1,4,0,4,30,2,0.7,0.0004,7.0,7.0,1,1,0.06,0.06,1,1,0.06,0,136.5,619.02,10.7639,0.25,1692.49,876.17,517.47
5,1250,1,4,0,4,30,2,0.7,0.0004,7.0,7.0,1,1,0.06,0.06,1,1,0.06,0,56.17,319.09,10.7639,0.25,302.1,111.33,286.77
5,1250,1,4,0,4,30,2,0.7,0.0004,7.0,7.0,1,1,0.06,0.06,1,1,0.06,0,177.67,617.07,10.7639,0.25,1659.11,786.83,534.48
5,1250,1,4,0,4,50,2,0.7,0.0001,2.6,3.5,0,0,0.06,0.06,1,1,0.06,0,169.33,649.68,10.7639,0.25,1649.19,762.33,616.16
5,1250,1,4,0,4,50,2,0.7,0.0001,2.6,3.5,0,0,0.06,0.06,1,1,0.06,0,0.33,330.14,10.7639,0.25,254.41,104.0,357.33
5,1250,1,4,0,4,50,2,0.7,0.0001,2.6,3.5,0,0,0.06,0.06,1,1,0.06,0,394.83,433.76,10.7639,0.25,625.65,623.67,653.71
5,1250,1,4,0,4,50,2,0.7,0.0001,2.6,3.5,0,0,0.06,0.06,1,1,0.06,0,169.33,717.99,10.7639,0.25,1964.53,762.33,636.4
5,1250,1,4,0,4,50,2,0.7,0.0001,2.6,3.5,0,0,0.06,0.06,1,1,0.06,0,4.0,372.69,10.7639,0.25,408.37,105.17,351.4
5,1250,1,4,0,4,50,2,0.7,0.0001,2.6,3.5,0,0,0.06,0.06,1,1,0.06,0,285.33,661.99,10.7639,0.25,1699.32,729.33,643.45
5,1250,1,4,0,4,50,2,0.7,0.0001,7.0,7.0,1,1,0.06,0.06,1,1,0.06,0,190.5,617.12,10.7639,0.25,1512.95,797.67,603.23
5,1250,1,4,0,4,50,2,0.7,0.0001,7.0,7.0,1,1,0.06,0.06,1,1,0.06,0,0.33,318.27,10.7639,0.25,191.31,95.83,361.45
5,1250,1,4,0,4,50,2,0.7,0.0001,7.0,7.0,1,1,0.06,0.06,1,1,0.06,0,361.0,429.03,10.7639,0.25,597.89,655.33,666.98
5,1250,1,4,0,4,50,2,0.7,0.0001,7.0,7.0,1,1,0.06,0.06,1,1,0.06,0,190.67,687.41,10.7639,0.25,1838.97,797.67,622.72
5,1250,1,4,0,4,50,2,0.7,0.0001,7.0,7.0,1,1,0.06,0.06,1,1,0.06,0,11.83,358.96,10.7639,0.25,339.95,97.33,352.96
5,1250,1,4,0,4,50,2,0.7,0.0001,7.0,7.0,1,1,0.06,0.06,1,1,0.06,0,268.17,656.27,10.7639,0.25,1671.37,771.5,651.9
5,1250,1,4,0,4,50,2,0.7,0.0004,2.6,3.5,0,0,0.06,0.06,1,1,0.06,0,169.33,649.68,10.7639,0.25,1649.2,762.33,616.16
5,1250,1,4,0,4,50,2,0.7,0.0004,2.6,3.5,0,0,0.06,0.06,1,1,0.06,0,0.33,330.14,10.7639,0.25,254.41,104.0,357.33
5,1250,1,4,0,4,50,2,0.7,0.0004,2.6,3.5,0,0,0.06,0.06,1,1,0.06,0,394.83,433.76,10.7639,0.25,625.65,623.67,653.71
5,1250,1,4,0,4,50,2,0.7,0.0004,2.6,3.5,0,0,0.06,0.06,1,1,0.06,0,169.33,717.99,10.7639,0.25,1964.53,762.33,636.4
5,1250,1,4,0,4,50,2,0.7,0.0004,2.6,3.5,0,0,0.06,0.06,1,1,0.06,0,4.0,372.69,10.7639,0.25,408.37,105.17,351.4
5,1250,1,4,0,4,50,2,0.7,0.0004,2.6,3.5,0,0,0.06,0.06,1,1,0.06,0,285.33,661.99,10.7639,0.25,1699.32,729.33,643.45
5,1250,1,4,0,4,50,2,0.7,0.0004,7.0,7.0,1,1,0.06,0.06,1,1,0.06,0,268.17,656.27,10.7639,0.25,1671.37,771.5,651.9
5,1250,1,4,0,4,50,2,0.7,0.0001,2.6,3.5,0,0,0.06,0.06,1,1,0.06,0,212.0,738.68,10.7639,0.25,1915.73,708.0,710.13
5,1250,1,4,0,4,50,2,0.7,0.0001,7.0,7.0,1,1,0.06,0.06,1,1,0.06,0,228.17,710.05,10.7639,0.25,1794.37,730.5,699.83
5,1250,1,4,0,4,50,2,0.7,0.0004,2.6,3.5,0,0,0.06,0.06,1,1,0.06,0,212.0,738.68,10.7639,0.25,1915.73,708.0,710.13
5,1250,1,4,0,4,50,2,0.7,0.0004,7.0,7.0,1,1,0.06,0.06,1,1,0.06,0,228.17,710.05,10.7639,0.25,1794.37,730.5,699.83
5,1250,1,4,0,4,30,2,0.7,0.0001,2.6,3.5,0,0,0.06,0.06,1,1,0.06,0,0.0,585.06,10.7639,0.25,1473.06,843.0,539.95
5,1250,1,4,0,4,30,2,0.7,0.0001,2.6,3.5,0,0,0.06,0.06,1,1,0.06,0,0.17,300.44,10.7639,0.25,231.44,108.33,300.49
5,1250,1,4,0,4,30,2,0.7,0.0001,2.6,3.5,0,0,0.06,0.06,1,1,0.06,0,207.33,403.3,10.7639,0.25,614.57,342.67,557.41
5,1250,1,4,0,4,30,2,0.7,0.0001,2.6,3.5,0,0,0.06,0.06,1,1,0.06,0,0.0,671.75,10.7639,0.25,1882.94,843.0,557.78
5,1250,1,4,0,4,30,2,0.7,0.0001,2.6,3.5,0,0,0.06,0.06,1,1,0.06,0,0.17,343.88,10.7639,0.25,388.62,113.5,296.17
5,1250,1,4,0,4,30,2,0.7,0.0001,2.6,3.5,0,0,0.06,0.06,1,1,0.06,0,192.0,631.25,10.7639,0.25,1689.95,419.67,544.01
5,1250,1,4,0,4,30,2,0.7,0.0001,7.0,7.0,1,1,0.06,0.06,1,1,0.06,0,0.0,548.46,10.7639,0.25,1321.26,890.67,524.34
5,1250,1,4,0,4,30,2,0.7,0.0001,7.0,7.0,1,1,0.06,0.06,1,1,0.06,0,0.17,286.62,10.7639,0.25,160.57,95.5,303.91
5,1250,1,4,0,4,30,2,0.7,0.0001,7.0,7.0,1,1,0.06,0.06,1,1,0.06,0,114.17,397.68,10.7639,0.25,583.54,300.0,571.26
5,1250,1,4,0,4,30,2,0.7,0.0001,7.0,7.0,1,1,0.06,0.06,1,1,0.06,0,0.0,637.43,10.7639,0.25,1742.74,890.67,541.92
5,1250,1,4,0,4,30,2,0.7,0.0001,7.0,7.0,1,1,0.06,0.06,1,1,0.06,0,0.17,327.61,10.7639,0.25,311.84,109.17,296.34
5,1250,1,4,0,4,30,2,0.7,0.0001,7.0,7.0,1,1,0.06,0.06,1,1,0.06,0,122.33,624.16,10.7639,0.25,1658.33,440.33,551.09
5,1250,1,4,0,4,30,2,0.7,0.0004,2.6,3.5,0,0,0.06,0.06,1,1,0.06,0,0.0,585.06,10.7639,0.25,1473.06,843.0,539.95